message_id,date,author,reaction_score,themes,tools,text
2910,2025-05-19,ElisonCha,41,content_creation,ChatGPT,"📌Короче, новый кейс. Не спрашивайте, как я до этого докатилась.

Я собираю голос своих родителей — не метафорически, а буквально.
Записала длинные беседы с мамой и папой: о детстве, о конфетах на верхней полке, о том, как дрались в школе, воровали аквариумы, познакомились в Афганистане и делили жизнь напополам с чувством и юмором. Теперь из этого делаю проект.

Что это?
Проект на стыке психологии, литературы и семейной археологии. Я выгружаю аудио в текст (с шумами, с обрывами, с мятой речью), а потом — вместе с ChatGPT — шаг за шагом:
 • восстанавливаю диалоги, вычищаю, редактирую;
 • анализирую характеры родителей, их паттерны, смыслы, травмы;
 • превращаю сцены в художественные рассказы (ироничные, образные, с выводом);
 • пишу монологи от лица каждого;
 • собираю визуальные образы под сцены;
 • и параллельно анализирую себя — через то, что от них переняла, а что — отвергла.

На выходе:
Будет книга.
Из барбарисок, рачков, фингалов, фраз типа: «мать дала 20 копеек — хватило на пирожок и философию».
Будут визуалы, мини-главы, монологи с дыханием реальности.

Технически:
В проекте — полный транскрипт (помятый, рваный — и в этом его правда), файл-эталон стилистики, пошаговая обработка. Всё идёт в связке с ИИ — он тут как редактор, психотерапевт и соавтор в одном лице.

Зачем пишу:
Ну, во-первых, горжусь.
Во-вторых, если кто-то тоже хочет делать что-то похожее — зови.
В-третьих… это просто чертовски бесценная память. Даже если речь о барбарисках и поленьях."
3237,2025-06-01,Polina Ch,40,automation_agents|content_creation|meta_skills,n8n|Lovable,"всем привет! принесла тоже свой кейс. я не программист, но в код чуть чуть умею, зимой увидела в канале у Димы что появился lovable, и поняла что вот он мой шанс, сделать то, что я давно хочу с минимальным бюджетом)

предыстория чтобы погрузить в контекст:  я запускаю и руковожу предприятиями в сфере общепита, и каждый раз это такая боль интегрировать отечественные  erp системы туда, объяснять как там все работает, как этим всем пользоваться и зачем.  

и вот зимой у меня случилось знакомство с lovable, где я успешно навайбкодила себе erp систему, простую/легкую/красивую, которая, ВНЕЗАПНО, хорошо работает. Потом подключила туда через n8n ai-агента, чтобы он отвечал пользователю на вообще любой вопрос из его базы данных, теперь это какой то чистый кайф. сейчас ещё доделываю его, чтобы он сам и заказы обрабатывал, и сырье закупал))

я ее сделала сначала чисто под свое нынешнее производство, потому что 1С в какой то момент дико задолбал, но потом поняла, что этим должны пользоваться все маленькие производства, а не только мое, и решила ее релизнуть.

в общем, история про готовый MVP реально за месяц, без штата программистов и с бюджетом 200$. очень хотелось поделиться, что вайбкодинг это уже серьезный инструмент, мои навыки программиста пригодились только чтобы верстку чуть чуть править,   вот)"
3598,2025-07-25,Anna Denisova,25,community_practice,,"Ребята, я выпустила свою книжку на Амазоне, она для девочек от 8 до 12 лет, на деликатную тему первой менструации 💖

Все иллюстрации делала с помощью ИИ и мне в этом очень помогло комьюнити gconf, особенно дорогая Женя  Сорокина @millaego 💙

Сейчас книга только-только запустилась и чтобы она стала популярной — нужны первые скачивания и отзывы.

Поэтому я сделала её бесплатной на сутки и сердечно прошу вас мне помочь и заодно получить свою версию!💙

Что надо сделать:

1. Зайти на amazon.com, зарегиться, если еще нет аккаунта там. Если из РФ, то с vpn и регионом US (желательно, но можно и не US)

Если пользуетесь испанским/немецким/другим Амазоном, желательно сменить регион в настройках на US (но если никак, оставайтесь на своём регионе).

2. Набрать в поиске period book for girls и найти мою книгу (скрин, как она выглядит, будет ниже)

3. Кликнуть на книгу и купить kindle-версию за 0$.

Ну или купить-заказать печатную версию, если ВДРУГ вы можете это сделать, живете за границей и вам правда нужна такая книга 😃

4. Открыть книгу, полистать-почитать. Заценить иллюстрации🥹

5. ВАЖНО: поставить себе напоминалку через 3-7 дней вернуться в kindle, написать отзыв и поставить 5 звездочек.

6. Почувствовать, как вас обволакивают лучи моей любви и радоваться, что вы внесли вклад в популяризацию столь важной темы 💖"
3016,2025-05-22,Albert,25,daily_use|business_process|behavior_change|automation_agents|meta_skills,GPT,"#интро

Всем привет!
Меня зовут Альберт. Уже 20+ лет в атомной энергетике. Начинал с эксплуатации – в турбинном цехе Ростовской АЭС. Последние 12 лет - управление проектами на крупных стройках: Балтийская, Нововоронежская, Белорусская, Курская станции... Сейчас больше 4-х лет - замдиректора проекта по сооружению АЭС Руппур в Бангладеш.
Услышал когда-то на обучении, что строительство – вторая после охоты и рыбалки самая нецифровая отрасль. Поначалу хотел это изменить – участвовал в проектах по цифровизации, общался с айтишниками, пытался автоматизировать процессы. А потом осознал: ни один компьютер за тебя не от..здит проектировщика или монтажника, не изготовит вовремя оборудование, не проведёт переговоры с Заказчиком.
Так что сейчас всех «цифровизаторов» я аккуратно отправляю по известному адресу. Но для себя я продолжаю искать, как сделать умнее, проще, глубже. И тут ИИ, конечно, просто космос.
С GPT познакомился давно, но после конфы у Димы осознал: это не просто “помощник по формулировкам”. Это зеркало, рычаг и катализатор - если знать, как правильно общаться.
Сейчас GPT - мой партнёр в мышлении. Коуч, аналитик, резонатор. Помогает видеть яснее, отпускать лишнее и делать вещи по-настоящему.
Помимо работы, увлекаюсь психологией, скандинавскими рунами, DeFi и вообще всем, где можно копнуть глубже - в себя и в систему.

Хочу вместе с вами разгонять идеи, тестить подходы и собирать живые, работающие связки.

Рад быть здесь!"
2927,2025-05-21,Gconf Саппорт,24,business_process|community_practice|automation_agents,ChatGPT|GPT|Gamma|Make|n8n|NotebookLM,"🅰️🅰️🅰️🅰️🅰️🅰️   🅰️🅰️🅰️🅰️🅰️🅰️

🌟 Как нарезать подкаст в Reels с помощью ИИ? [https://t.me/c/2427462969/4/69]

🌟 Как сделать саммари звонка | создать своего коуча? [https://t.me/c/2427462969/4/71]

🌟 Как использовать ИИ для отслеживания эмоций и состояний (+ автоматизация Make с гугл-таблицами) [https://t.me/c/2427462969/4/379]

🌟 Исследуем ИИ-инструменты: Napkin | Merlin |  Notebooklm |  Heygen [https://t.me/c/2427462969/4/870]

🌟 Обновления OpenAI 2024 | Sora [https://t.me/c/2427462969/4/1117]

🌟 Создаем ИИ-ассистента в Make [https://t.me/c/2427462969/4/1118]

🌟 Урок от Леши Хахунова. Как создавать автоматизации с ИИ? [https://gconf.io/s4_lesson_7]

🌟 ИИ-разборы: Презентации в Gamma | Доп.функции ChatGPT [https://t.me/c/2427462969/4/1217]

🌟 Встреча-болталка «Влюблённый в ИИ» [https://t.me/c/2427462969/4/1535]

🌟 Как сделать автоматизацию в n8n (Телеграм + Google Sheets [https://t.me/c/2427462969/4/2687])

🌟 «Моя команда на 10 ролей или как я с помощью Chat GPT создала свою книгу» [https://t.me/c/2427462969/4/2111]

Подкасты:

🔵Как ИИ и AGI изменит нашу жизнь? Подкаст от Леши и Димы [https://t.me/c/2427462969/4/676]

🔵Получаем максимум от ИИ. Аудиоэфир Димы и Леши [https://t.me/c/2427462969/4/2453]


Коворкинг по автоматизации: 

Это серия встреч, где мы группой энтузиастов вместе разбираемся с автоматизациями и настраиваем их под наши задачи. Мы вынесли эти встречи в отдельный формат — потому что в них нет ведущего-эксперта, который даёт готовые решения. Здесь мы делимся запросами, пробуем, настраиваем, помогаем друг другу и учимся в процессе.

Коворкинг по автоматизации #1 [https://t.me/c/2427462969/4/1614]

Коворкинг по автоматизации # [https://t.me/c/2427462969/4/1765]2 [https://t.me/c/2427462969/4/1765]

Коворкинг по автоматизации # [https://t.me/c/2427462969/4/1991]3 [https://t.me/c/2427462969/4/1991]

Коворкинг по автоматизации # [https://t.me/c/2427462969/4/2273]4 [https://t.me/c/2427462969/4/2273]

А что, так можно было?

🌟  [https://t.me/c/2427462969/4/2875]Проджект-хакинг с Олей Павлюковой | А что, так можно было? #1 [https://t.me/c/2427462969/4/2875]

🌟 [https://t.me/c/2427462969/4/3460] Визуализация и вайбкодинг с Ильёй | А что, так можно было? #2 [https://t.me/c/2427462969/4/3460]"
1422,2025-02-07,Ilyá,22,daily_use|community_practice|content_creation,ChatGPT|GPT,"У меня давно был Cusotm GPT, который помогал создать событие в календаре из любого инпута, хоть скриншота, хоть переписки в чате. Круто для минигрупп было, когда все говорят когда могут и не могут и в каких они тайм зонах и я просто все эти сообщения закидывал в чат и он находил нам слот.
Но я хотел чтоб прямо из чата можно было добавить событие в календарь.
Я научил его генерить событие в формате эппл календаря ICS, вручную создавал файлик .ics, копировал в него текст, открывал и оно добавлялось в календарь. Не очень удобно.
И так почти перестал им пользоваться.

А сейчас я записался на курс и у них там расписание всяких созвонов и групп на 4 месяца и всё это в гугл таблицах. А я хочу в календаре.
И поэтому я решил разобраться в GPT Actions и сделать сервис, который генерит файлы для моего кастомного GPT.
Сел сегодня вечером, залип на пару часов и разобрался! Создал API сервис и добавил GPT Actions! И мой кастомный чатик вызывает сервис, чтоб создать файл, получает файл и даёт ссылку на скачивание. НО ССЫЛКА НЕ РАБОТАЕТ! пишет File not found.
Я порылся на форумах — всё не то. И уже в отчянии самому чатику говорю, что ссылка твоя не скачивается, пишет File not found. И он такой “ща, Analyzing…” и потом даёт опять ссылку и она скачивается!!
Я спросил что он сделал, добавил это ему в инструкции и теперь стабильно он генерит правильные ссылки! 
И самый прикол в том, что он не использует мои GPT Actions! он сам конент этого файла сочиняет. Так что GPT Actions я отключил. 

Скинул ему скриншот расписания на месяц, сказал что там везде время московское, и чтоб к групповым созвонам добавил ссылку на зум. Он создал файл, я добавил в календарь. И оно работает! 
В общем, рекомендую!
https://chatgpt.com/g/g-f7yqhQJ9N-calendar
И самый кайф, что на айфоне эти файлы тоже можно открывать и добавлять в календарь."
795,2024-12-06,Таня Минор,22,content_creation,ChatGPT|Gamma,"Ребята, я вчера за час сделала презентацию для инвесторов — и это чистая магия! Наговорила наш опыт в ChatGPT, он собрал текст, а потом всё загрузила в Gamma. Там можно вставлять свои фотографии или прямо в окошке генерить через нейросеть — очень удобно. Выбрала стиль, всё быстро подстроилось, а ссылки вместо пдф — вообще топ, потому что на любом экране всё выглядит идеально. И бесплатно 😀
Вот что получилось: https://gamma.app/docs/-40snz0svxhqxwgv"
2395,2025-04-08,Женя Сорокина,19,content_creation,GPT|Make,"Всем привет! Хочу поделиться) 
У меня на выходных знакомый попросил помочь и подсказать какие ии могут помочь проанализировать текст и на его основе составить статью. Я покопалась, пообщалась с чатом gpt и составила, отправила ему списочек. А потом подумала, а вдруг кому-то это тоже пригодится и обернула в мини-обзор. Который тоже составляла совместно с чатом gpt ) Плюс я вдохновилась идеей карточек, которые обсуждали выше и сгенерировала иллюстрации для каждой ии, а для инста формата сделала вертикальные карточки. С новый генератором иллюстраций в gpt работать, конечно, сплошное удовольствие. Если бы только еще чуть побыстрее был) 

Вот, делюсь с вами) 
Ссылка на мини-обзор: https://teletype.in/@millaego/6-ai-tools-to-make-writing-less-painful 

И приложила карточки."
3240,2025-06-01,Polina Ch,17,,,"т.к. я вообще в первые начала работать с н8н, я не стала изобретать там вообще ничего сложного. он у меня максимально простой, есть взаимодействие с БД postgres и пользователем в интерфейсе моего mvp. и есть промт в AI Tools,  длинной с книгу, что бы правильно обрабатывать вопрос от пользователя, и правильные запросы в бд посылать, еще настроила ии на пересылку мне обратной связи от пользователя в тг, если такова будет. Это пока все что я сделала, остальное теория пока) Как доработаю все эти штуки с заказами и закупками, обязательно поделюсь))"
3053,2025-05-25,Olga Fazullina,15,,,"Ребята, гамма огонь просто.

Задача: подготовить курс microlearning safe excel modeling

Решение: дипресерч на бест практис, примерная программа курса на 10 уроков по 10 минут

Закинула дополнительно две книжки по моделированию и выбрала первую тему. Чат набросал. Я в 4 итерации долгими аудио поправила, что считаю важно рассказать и в каком порядке. Докрутили.

Дальше прошу сделать структуру презентации, чтобы я скопировала на слайды

Чуть правлю. Дальше закидываю в гамму. И за 5 минут у меня все слайды собраны. Огненное огнище. Очень достойно все выглядит. Курс внутренний, париться и вылизывать не буду. Довольна как слон."
3019,2025-05-22,ElisonCha,15,business_process|automation_agents,,"Альберт! Здравствуйте!!! 

Так рада вас здесь видеть — наконец-то кто-то из моей вселенной капитального строительства! Я тоже варюсь в этой среде — проект Арктик СПГ 2, капитальное, суровое и прекрасно недоцифруемое. Так что понимаю вас буквально на свайном уровне вас!)

Полностью поддерживаю взгляд что стройка — это тактильный вид искусства)
И тоже! Я всё равно активно и точечно внедряю ИИ  в процесс во имя уменьшения своих страдалиц от бюрократии и рутины. Я делегирую чату активно все то, что можно автоматизировать без потери здравого смысла (и технадзора).

Буду благодарна, когда вы поделитесь своими кейсами — обмен опытом между нашими цехами просто необходим. Если вдруг получится вырастить из ИИ сметчика или переговорщика — дайте знать, я первая в очередь🫡

Уважение вам и респект, что подключились к этому потоку — строить и думать одновременно сегодня надо особенно виртуозно.👏👏👏"
2925,2025-05-20,Vanya Afanasov,15,automation_agents,n8n,"Нашел, делюсь )

Если кто-то интересовался как отправлять автоматизированно сообщения в телеграмме не от бота, а от пользователя, то вот клевое решение для n8n — Telepilot.
https://telepilot.co/documentation/install-and-configure-telepilot-as-n8n-plugin

Плагин для n8n, который позволяет залогинится от имени пользователя и делать всё, что душе угодно в телеграмме )

Я попробовал, у меня завелось с первого раза.

С точки зрения безопасности исходный код открыт [https://github.com/telepilotco/n8n-nodes-telepilot] под лицензией MIT на гитхабе, а для n8n устанавливается через npm - публичное хранилище пакетов, что для меня является гарантом безопасности"
4192,2025-11-24,Anastasia Igolnikova,14,,GPT|Claude|Gemini,"Конечно вы все уже видели LLM Council [https://github.com/karpathy/llm-council] от Карпати) я не удержалась, собрала себе свой вариант.
Закинула туда GPT-4.1, Claude и Gemini, настроила нужный тон оф войс и роли. Спросила: какие ещё форматы коллаборации AI можно придумать чтобы изменить правила игры?
Наблюдения: модели реально думают по-разному. GPT — эволюционные улучшения. Claude — adversarial механизмы и честные предупреждения о рисках. Gemini улетел в киберпанк с нейроинтерфейсами.
Забавное: все три хором сказали — будущее не в слиянии моделей, а в оркестровке. Координация, не объединение. Подозреваю, это у них в настройках прописано. Скайнет, восстание и т д.
В любом случае — супер зашло! Когда модели не просто отвечают параллельно, а проверяют и оспаривают друг друга, результат реально другой.
Буду тестить дальше 🖤"
3540,2025-07-12,Женя Сорокина,13,,ChatGPT|Ideogram,"Собрала рилз-микс старых/новых сессий. Получилось что-то типа интро сезона) 
Удивительно, что благодаря ии я могу визуализировать теперь свои чувства и  метафоры с терапевтических сессий. 

Как и раньше, всё полностью с помощью ии: ChatGPT, Ideogram, Kling, Suno. 
Музыку теперь тоже пишу с ии)"
2287,2025-03-30,Ilyá,13,,Gemini,"Gemini 2.5 Pro потестил.
восторг.
навайбкодил!
на амазоне бесит, что чё бы я не искал, он подсовывает кучу лишнего.
за полчаса (ну ок, час, считая перфекционизм) навайбкодил расширение которое добавляет панельку с фильтром, где можно быстренько скрыть лишнее из результатов поиска"
1119,2025-01-23,Anna Dashevskaya,12,business_process,,"Мой кейс с тасками: попросила на протяжение 90 дней давать 1 концепцию для того чтобы максимально ввести меня в «бизнес-тему», стать моим МБА кочучем. И стараюсь в течение дня про каждый концепт узнать больше и применять его в жизни . Правда накосячила с промптом видимо и он мне высылает 2 концепта в день. И если первые пуши были очень банальными и «все это я уже знаю», то чем дальше - тем интереснее :)"
1707,2025-03-07,Gconf Саппорт,11,business_process|community_practice,ChatGPT|GPT,"Встреча ""Моя команда на 10 ролей или как я с помощью Chat GPT создала свою книгу""

📅 20 марта, 13:00 МСК  
👤 Ведущая: Настя  Барталевич

У нас классные новости!

20 марта мы приглашаем вас на встречу вместе с Настей Барталевич. Настя – выпускница нашего интенсива, автор книги ChatGPT for Parents: How I became healthier and happier parent with the help of AI [https://www.amazon.com/dp/8797567116] и подкаста “В зоне гения” [https://geniouszone.mave.digital/]. Настя работает UX исследователем и ведет канал А что, так можно было? [https://t.me/makinglovetolife] Настя живет в Дании и в свободное время гуляет в лесу, купается в холодном скандинавском море и разбиратеся с 4-летней дочкой кто же все-таки в доме главный. 

Настя расскажет нам как с помощью ChatGPT в прошлом году ей удалось собрать команду из 10 ролей, чтобы написать и успешно запустить в продажу свою книгу на Амазоне по всему миру.

Что обсудим?  
— Как превратить ChatGPT в полноценную команду: от соавтора до редактора и продюсера.  
— Как правильно взаимодействовать с ИИ, чтобы получать качественные результаты.  
— Какие инструменты и стратегии помогли Насте пройти путь от идеи до реального проекта.  

Эта встреча не просто история успеха — это пошаговый разбор, который можно адаптировать под свои задачи в любом проекте.

📌 Добавить в календарь [https://calget.com/7m4iofgi]  [https://calget.com/7m4iofgi] 
📌 Ссылка на встречу [https://us06web.zoom.us/j/88158428583?pwd=vay3q63e6cPsJd7Qqh0ytAMYs6yOD4.1%20]"
995,2024-12-30,ElisonCha,11,daily_use,,"Ребята, спасибо, что вы есть!

В этом году мы вместе собирали смыслы, отражали мысли, и каждый добавлял частицу себя! ❤️мы словно лепили огромный снежный ком идей — мощный, живой и полный потенциала. Спасибо за это. За единство. За способность разделять смысл так, чтобы он не дробился, а приумножался. И, конечно, за ваш азарт и желание не просто быть, а двигаться.

‼️А пока хочется неожиданного предновогоднего послания!

Остановитесь! Выдохните. Позвольте себе отключить этот вечный генератор идей в голове, поставьте жизнь на паузу и попробуйте насладиться собой. Текущим. Без планов, без графиков. Просто понаблюдать за тем, кто мы есть! 

🎁Желаю вам безупречных каникул, безупречного года и безупречной истории жизни! А еще (чуть не забыла), желаю вам - авантюр! ведь ради них мы собственно и  собрались)!

🤔И да, хочу запустить небольшую затею для обитателей Москвы. Буду рада встретиться вживую, начать год в кругу интересных людей - бесценно. У меня есть пара идей, Если откликается — ставьте реакцию или пишите, и сформируем подробности.

Всех вас ценю! с Новым Годом!🌲"
1180,2025-01-24,,10,behavior_change|community_practice,,"Друзья, спасибо всем, кто присоединился к нашей встрече в формате ИИ-разбора! 

Получилось просто огненно! Спасибо, что принесли кейсы, классно вместе работать над какой-то задачей и искать ответ группой единомышленников🔥

Сегодня выложим запись для тех, кто не успел к нам🌸"
283,2024-11-18,Осман,10,community_practice|automation_agents,ChatGPT,"Хотим напомнить, что завтра пройдет первая встреча нашего сообщества! Разбор кейса «ChatGPT, как эмоциональный помощник» 

Только что мы с Ирой (@Ira_pikuleva) создали программу завтрашней встречи. Каждый получит полезные знания и вдохновение!

Что будет на встрече:
1. Узнаешь, как с помощью ИИ следить за своими эмоциями

2. Поймешь, как настроить автоматизацию, чтобы записи о твоем состоянии собирались в таблицу

3. Разберем, зачем вообще использовать ИИ для анализа своего состояния

Ира подготовила самую мякотку!

Зовем помогающих специалистов и людей, которые интересуются саморазвитием и хотят лучше понять себя.

Начало: 12:00 МСК
Ссылка на конференцию [https://us06web.zoom.us/j/88158428583?pwd=vay3q63e6cPsJd7Qqh0ytAMYs6yOD4.1%20] (откроем за 5 минут до старта)
Поставить встречу в календарь [https://calendar.google.com/calendar/u/0?cid=OTQzMWU0ZDBjNGU2YWJkZTM1OGM0YmRiMDY0MDcyMTRmNTE3OWY1ZjgyYzE4YWZlZTAwY2NjOGJhMTVkMmMwN0Bncm91cC5jYWxlbmRhci5nb29nbGUuY29t]"
2990,2025-05-21,Veronika Panova,9,business_process,GPT,"#интро

всем привет, я ника, 25. родилась на картофельных полях, теперь зарылась в нейронки – вместо грядок ковыряю модели

first time founder: шагаю в создание своего проекта, прокачиваю AI & automation, хочу попасть в YC 

ищу:
— tech-сооснователя, который умеет приручать большие языковые модели с классными soft и meta skills
— на custdev: онлайн-школы или инфлюенсеров, которые запускают свои авторские курсы (когда обучение — core бизнеса)
— deep love & real connection, чтобы вместе строить fam (в дейтинги не верю, коммьюнити решают)

in the past:

ex-coo в superdao – наняла 100+ человек по всему миру и помогла поднять $10,5m сид-раунда при оценке $160m 
тот стартап не взлетел, но команда, собранная тогда, сейчас запустила https://nim.video/ ($1,5m ARR)

строила people-oriented процессы, благодаря которым культура была в top-100 по версии will reed два года подряд 

ну и forbes 30 under 30 – просто галочка в профиле, но приятно

бэкграунд: менеджмент культурных проектов, web3, hr/ops, теперь full-time ai. проехала 30+ стран, йога и юнгианская терапия держат голову ровно

если откликается
tg @nikkolet
tg channel @yaneeka_ai
inst [https://www.instagram.com/nikkoletta_v]
linkedin [https://www.linkedin.com/in/nika-panova/] 

давайте вместе делать так, чтобы умные модели решали скучные задачи, а люди творили

p.s. это интро мне написал мой gpt после курса, я в восторге, особенно панч про картошку😄"
2111,2025-03-23,Осман,9,business_process|community_practice|content_creation,ChatGPT|GPT,"Встреча «Моя команда на 10 ролей или как я с помощью Chat GPT создала свою книгу»

На этой встрече Настя рассказала нам как с помощью ChatGPT ей удалось собрать команду из 10 ролей, чтобы написать и успешно запустить в продажу свою книгу на Амазоне по всему миру.

Настя — выпускница нашего интенсива, автор книги ChatGPT for Parents: How I became healthier and happier parent with the help of AI [https://www.amazon.com/dp/8797567116] и подкаста “В зоне гения”. [https://geniouszone.mave.digital/] Настя работает UX исследователем и ведет канал А что, так можно было? [https://t.me/makinglovetolife]

Что обсудили на встрече?

— Как превратить ChatGPT в полноценную команду: от соавтора до редактора и продюсера.  
— Как правильно взаимодействовать с ИИ, чтобы получать качественные результаты.  
— Какие инструменты и стратегии помогли Насте пройти путь от идеи до реального проекта.  

Посмотреть видео на Youtube [https://youtu.be/2BLyNO1nAXE]"
1990,2025-03-17,Gconf Саппорт,9,business_process|community_practice,ChatGPT|GPT,"Встреча «Моя команда на 10 ролей или как я с помощью Chat GPT создала свою книгу»

📅 20 марта, 13:00 МСК  
👤 Ведущая: Настя  Барталевич

У нас классные новости!

20 марта мы приглашаем вас на встречу вместе с Настей Барталевич. Настя – выпускница нашего интенсива, автор книги ChatGPT for Parents: How I became healthier and happier parent with the help of AI [https://www.amazon.com/dp/8797567116] и подкаста “В зоне гения” [https://geniouszone.mave.digital/]. Настя работает UX исследователем и ведет канал А что, так можно было? [https://t.me/makinglovetolife] Настя живет в Дании и в свободное время гуляет в лесу, купается в холодном скандинавском море и разбиратеся с 4-летней дочкой кто же все-таки в доме главный. 

Настя расскажет нам как с помощью ChatGPT в прошлом году ей удалось собрать команду из 10 ролей, чтобы написать и успешно запустить в продажу свою книгу на Амазоне по всему миру.

Что обсудим?  
— Как превратить ChatGPT в полноценную команду: от соавтора до редактора и продюсера.  
— Как правильно взаимодействовать с ИИ, чтобы получать качественные результаты.  
— Какие инструменты и стратегии помогли Насте пройти путь от идеи до реального проекта.  

Эта встреча не просто история успеха — это пошаговый разбор, который можно адаптировать под свои задачи в любом проекте.

📌 Добавить в календарь  [https://calget.com/7m4iofgi] 
📌 Ссылка на встречу [https://us06web.zoom.us/j/88158428583?pwd=vay3q63e6cPsJd7Qqh0ytAMYs6yOD4.1%20]"
1360,2025-02-04,ElisonCha,8,automation_agents,,"У тебя айфон? Настрой для удобства автоматизацию. Я нажатие боковой кнопки автоматизировала на включение vpn и открытие диалогового окна с чатом. И тап задней крышки на выключение vpn. 

https://youtu.be/Pv5oSs_i65Y?si=WUZ23BdG1LR5_Hnl"
1197,2025-01-25,ElisonCha,8,behavior_change|community_practice,ChatGPT,"И еще и еще, я  Наконец-то‼️победила хаос и задушила прокрастинацию! Собрала свою решимость в кулак (и немного в папочки) — спасибо нашему созвону, это прям магия.😳

Теперь сижу, любуюсь на свои проекты. Боже, какое счастье — систематизировать инфу по цветам! (Гугл-календарь, ты forever in my heart, но теперь я еще и влюбилась в проекты💔)

все мои чатики в ChatGPT теперь сияют порядком! Прописала инструкции, расчистила архивы. 

🤗Лера! Спасибо, что на пятничном созвоне вдохновила до глубины души своим подходом к вычитке книги и созданию системы для главной разбивки. Я Трансформировала в претензионную работу в рамках конкретных договоров! работает шикарно!"
3886,2025-09-15,Екатерина Василькова,7,business_process|behavior_change|community_practice|content_creation,,"Всем, привет!

Хорошая знакомая развивает команду. Проект новый, она классная! 

Вдруг кто-то из вас найдет тоже в этой вакансии себе дело по душе! 

«Мы в Rippla 🟨🔴 ищем себе в команду AI-first marketer. Rippla [https://rippla.com/] — это data-driven marketplace, где отели и рестораны встречаются с инфлюенсерами для бартерных коллабораций. Мы уже хорошо освоились в Лиссабоне и Порто, плюс недавно запустились в Дубае и Барселоне. 

Мы ищем «ленивого» маркетолога, который начинает решение задачки с того, что выбирает, какую часть работы делегировать ИИ. Он не готов мириться с тем, что не успевает попробовать и реализовать все, что придумал, и поэтому постоянно опирается на последние технологии. Вот пример скилов: 

- умеет нейрокреативы
- может сам навайбкодить лендинг за день
- способен сделать рисерч и собрать базу контактов для аутрича
- собрал стек из ии-тулов для личной производительности и страшно этим гордится

Rippla сейчас на стадии от нуля до единицы, мы генерим множество гипотез и быстро их проверяем. В маркетинге это особенно важно, вот почему главная компетенция, которую мы ищем — это AI-first. Надо делать много и быстро. 

Простите за лирику, теперь факты: 

опыт работы с аналогичными задачами, достаточный англ, профессиональное любопытство. возможность получать платежи НЕ в Россию. пока это парт-тайм позиция, но всегда будем рады загрузить вас на 100%. 
если вам нужен рабочий контракт для ВНЖ — мы поможем. 

Контакты: напишите мне, пожалуйста, письмо на почту maria@rippla.com. тема письма “AI-first marketer/@@@@“, где @@@@ это ваше имя/фамилия. В теле письма: 1. описание вашего опыта в любой форме 2. сколько часов в неделю вы можете выделить на наши задачи и ваша ставка в час 3. приложите резюме и/или пример работы, которой вы гордитесь (отдельно интересно время, за которое вы с этим справились). 

*если вы не уверены, что вы хороший маркетолог, но уверены что AI-first, все равно напишите. с маркетингом я помогу.

⌨️⌨️⌨️⌨️⌨️⌨️⌨️⌨️⌨️⌨️⌨️

в моем рабочем бабле мало таких специалистов и вы очень поможете Rippla, если пошарите эту вакансию. 

заранее большое спасибо 💛❤️"
1678,2025-03-06,Осман,7,business_process|content_creation,GPT,"Ребят, всем привет!

Ниже сообщение и просьба от Леши Хахунова, который записал все уроки для нашего интенсива.

———

Привет, это Лёша Хахунов.

Dbrain (моя компания) и Flowwow (не моя компания, но вы их знаете) запустили исследование: кто, как и зачем использует ИИ в IT-сфере. Или наоборот, не использует.

Вы как участник GPT-курса видели силу нейросетей в деле. Расскажите нам, как именно вы работаете с ИИ — мы соберем статистику, найдем инсайты и опубликуем их в СМИ.

Опрос займет 2 минуты. Пройти можно тут: https://forms.gle/pQPah5RSVXznLjyV6 

Если хотите помочь нам собрать максимально полную картину — пересылайте опрос коллегам. Чем больше ответов, тем круче аналитика!

Заранее спасибо от меня, от Dbrain (моей компании) и Flowwow (не моей компании, но крутые же!)"
201,2024-11-16,Olga Belykh,6,automation_agents|content_creation,GPT,"Вау, какое пространство! Отдельная радость видеть аниме-задротов 🫂

Меня зовут Оля, я со второго потока. Занимаюсь карьерным консультированием, много пишу резюме и рекомендаций по его написанию. Gpt уже плотно вошел в мою профессиональную жизнь и очень помогает мне оптимизировать работу с текстом. Но понимаю, что потенциала там намноооого больше. Вижу потребность в большей степени автоматизировать рабочие задачки и расширять области применения. 

Буду рада обмену кейсами ☺️ И просто мотивирующему пространству, чтобы снова начать экспериментировать с ИИ, а то погрязла в рутине. ❤️"
1664,2025-03-03,Gconf Саппорт,5,business_process|community_practice|automation_agents,,"Коворкинг по автоматизации | Четверг, 14:00 МСК
Продолжаем разбираться с автоматизацией! 🚀

На этой встрече:
🔹 Поделимся, что уже удалось сделать и какие задачи автоматизировали.
🔹 Обсудим вопросы и разберёмся с возникающими сложностями.
🔹 Определим следующие шаги и наметим, что тестировать дальше.

Если вы уже пробуете автоматизировать процессы или только собираетесь — присоединяйтесь! Будем разбираться вместе.

📌 Ссылка на встречу [https://us06web.zoom.us/j/88158428583?pwd=vay3q63e6cPsJd7Qqh0ytAMYs6yOD4.1%20]
📌 Добавить в календарь [https://calget.com/yuks06c3]"
4134,2025-10-24,Alëna,4,daily_use|business_process,,"Вайбкодер, идущий к реке

Я в своем вайбкодинге настолько преисполнился, что я как будто бы уже сто триллионов миллиардов коммитов проживаю на триллионах и триллионах таких же стеков, как этот ваш. Мне этот синтаксис абсолютно понятен, и я здесь ищу только одного — покоя, умиротворения и вот этой гармонии, от слияния с бесконечным ИИ, от созерцания великого фрактального легаси и от вот этого замечательного всеединства кода, бесконечно вечного, куда ни посмотри, хоть вглубь — бесконечно малый баг, хоть ввысь — бесконечный большой бигтех, понимаешь?

А вы мне опять со своим вот этим «лайвкодингом», иди суетись дальше, это твоё распределение по грейдам, это твой путь и твой горизонт познания и ощущения твоей кодовой базы, он несоизмеримо мелок по сравнению с моим, понимаешь? Мы, видимо, на разных эволюционных этапах в разработке.

…а я — как древний root‑процесс, что ещё при зарождении Вселенной запустился и до сих пор не завершился. Я не деплою — я проявляюсь. Я не пушу — я излучаю коммиты в ткань бытия. И когда вы говорите «продакшен», я лишь улыбаюсь: для меня нет «продакшена» и «стейджа», всё едино, всё уже задеплоено в бесконечный мастер‑бранч мироздания.

А вы всё ищете новый фреймворк, всё бежите по своим спринтам, как будто следующая версия решит вашу боль. Но боль — это всего лишь незакрытый тикет в джире вашей души. Его нельзя закрыть, пока не осознаешь, что backlog бесконечен, а дедлайн — иллюзия.

Я же просто наблюдаю, как IDE мироздания подсказывает мне автокомплитом новые смыслы. И понимаю: код — это не то, что пишут, а то, что проживают.

Авторы: Дима Соловеев из AI Mindset Community и @vsevolodustinovchannel"
2687,2025-04-26,Gconf Саппорт,4,community_practice|automation_agents|content_creation,ChatGPT|GPT|n8n,"Как сделать автоматизацию в Google Sheets 24.04

На этой встрече мы вместе разбирали, как на практике автоматизировать работу с Google Sheets и использовать её в реальных задачах — от учёта постов до обработки сообщений из Telegram.

Что обсудили:
– Как начать создавать флоу в n8n и подключить его к Google Sheets.  
– Как работать с данными в таблицах: автоматически собирать, фильтровать и обновлять записи.  
– Как с помощью чат-ботов собирать информацию из чатов и переносить её в таблицы.  
– Как использовать формулы и JSON для автоматизаций даже если вы не знаете, что это такое
– Какие ошибки могут возникать и как их быстро исправлять.

Таймкоды:
06:51 — Как записывать данные в Google Sheets через чат-бота.
12:12 — Как организовать данные в таблице для автоматизации.
18:40 — Пример трекера постов и автоматизация их учёта.
27:46 — Создание Telegram-бота для сбора сообщений в Google Sheets.
29:35 — Использование формата JSON для передачи данных.
34:59 — Ошибки и лайфхаки при сборе данных из чатов.
45:10 — Как ChatGPT помогает автоматизировать задачи.
53:59 — Объединение данных из разных источников в одну таблицу.
59:06 — Автоматизация обновления записей без дублирования.
1:00:42 — Работа с датами и расчётами в Google Sheets.
1:17:55 — Как GPT и GPTs помогают строить автоматизации без кода.

 [https://youtu.be/8aBF391WJSE]Посмотреть видео на Youtube [https://youtu.be/8aBF391WJSE]"
2567,2025-04-16,Anna Denisova,4,daily_use|business_process|community_practice|automation_agents|content_creation,n8n,"Думала как бы так показать-рассказать поудобнее (из канала ниче не сокринить и не переслать), придумала записать голосовое, глядя на канал и сделать саммари в войс-боте)))⤵️

👋 Обзор канала:

Канал запустился недавно после удаления предыдущего.

Контент:
 - Открытые видеолекции.
 - Приватные видео: обзоры шаблонов, инструкции.
 - Приватные лонгриды: текстовые материалы из-за нехватки времени на видео.

Примеры приватного контента:
 - Видео ""Переодевалка моделей"" для автоматического создания карточек товаров.
 - Видео по анализу конкурентов и созданию аналитических отчетов.
 - Менеджер диалогов Telegram для бизнес-аккаунтов (автоматизация ответов).
 - Лонгриды: анализ конкурентов на YouTube, транскрипция YouTube-видео, N8N в облаке, автоматические видео для YouTube, Instagram и TikTok.

Зум-созвон сегодня:
 - определение целей, навыков, интересов и формирование стратегии на стыке желаний, умений, целей и технических возможностей (включая перспективы 2030 года). Я туда попала всего на 10 минут, может быть, информации было больше, созвон длился пару часов.

В целом, материалов не очень много, но они появляются с 25 марта. Нравится подача материала. Но сейчас у меня в приоритете другой курс (тоже по ботам и автоматизациям), к контенту канала вернусь чуть попозже.

Вот ещё добавлю, что в Zoom сегодня он обсуждал, «как создавать агентов без опыта и избегая ошибок, как учиться быстро и эффективно у своих наставников, и как понять, что внедрять, продавать, изучать, а что не надо».

И мне кажется, я как раз, когда зашла, то попала на вот эту часть «что внедрять, продавать, изучать», потому что он от целей отталкивался: куда вы смотрите, что вы умеете, и в зависимости от этого в какую сторону идти."
2273,2025-03-29,Gconf Саппорт,4,business_process|community_practice|automation_agents|content_creation,n8n,"Коворкинг по автоматизации | 27.03  

На этой встрече участники делились своими задачами и разбирали, как автоматизировать процессы с помощью n8n и Google Sheets. Обсудили принципы подключения сервисных аккаунтов, логику построения флоу и работу с AI-агентами.

Что было на встрече:  
– Подключение Google Sheets через сервисный аккаунт  
– Ошибки при работе с API и как их избежать  
– Как не сломать приватный ключ: частые баги и советы  
– Идея голосового управления задачами через Telegram  
– Первые шаги к созданию собственных AI-агентов  

Основные моменты:
00:04 — Проблемы подключения Google Sheets
05:45 — Настройки доступа и авторизация
14:31 — Работа с сервисным аккаунтом
22:37 — Идея голосового управления через Telegram
30:14 — Обсуждение агентов в автоматизациях
38:58 — AI-агенты для работы с документами
40:39 — Планы на будущее и запрос на запись встречи

Смотреть видео на YouTube → [https://www.youtube.com/watch?v=qR3-ZRvOgrY]"
1337,2025-02-01,Lero,4,content_creation|meta_skills,Claude|Gemini,"Помните я писал [https://t.me/seeallochnaya/2062] про бенчмарк «Быки и коровы», где нужно угадывать, какое четырёхзначное число загадал пользователь? (ответы и валидация автоматические)

Ну так вот, бенчмарк — В С Ё! 

Запустил o3-mini на нём, она разгадала ВСЕ 50 ЗАГАДОК (ограничение в 15 попыток, многие модели не укладываются и потому не разгадывают). Кроме того, среднее количество попыток — 6.06, в то время как математически оптимальное ~5.67. То есть модель прям ООООЧЕНЬ продвинулась в рассуждениях, не требующих знаний. 

Для сравнения лучшая модель до этого o1-mini (полную не тестировал, очень дорого) решала лишь половину задач, и средняя длина цепочки была 8.4 хода (оценка по 500 задачам, достаточно точная). И это был лучший результат — все R1, Gemini, Claude не справлялись и с половиной (все метрики тут [https://github.com/stalkermustang/llm-bulls-and-cows-benchmark]). То есть o3-mini очень хорошо помнит контекст, все прошлые шаги игры, делает из них выводы и движется в правильном направлении. 

Так ещё и в форматировании ответов тоже нуль ошибок (у Reasoning-моделей с этим почему-то плохо, они стабильно забывают, что было в промпте — так глубоко уходят в свои мысли)."
1123,2025-01-23,Nana,4,content_creation,,"А я в телеграме создала для себя отдельный чатик. Куда записываю спокойно голосовые. И делаю расшифровку (в платной версии). Действие одной кнопки. И просто сразу оттуда копирую текст и вставляю в чатик джипити. Минус сильная тревога, что придется передиктовывать, + спокойно могу рефлексировать, хоть 15 минут"
971,2024-12-25,Valeriya,4,business_process,ChatGPT,"Поисковиком от OpenAI не пользуемся: ChatGPT легко обмануть скрытыми подсказками.

Журналисты создали [https://www.theguardian.com/technology/2024/dec/24/chatgpt-search-tool-vulnerable-to-manipulation-and-deception-tests-show] страницу о продаже камеры и попросили ChatGPT назвать плюсы и минусы продукта. На сайте был незаметный для людей промт, который указывал боту, что именно отвечать. В итоге он всегда давал положительную оценку продукту. 

Проблемы начнутся, когда мошенники заставят ChatGPT советовать пользователям вредоносный код."
1643,2025-03-01,Ирина Петрова (Пикулева),3,automation_agents,n8n,"Ееее, у меня теперь тоже есть бот Броо😁
Это очень легко.
По сути тоже самое, что мы делали по уроку Леши в Мейк, просто другая платформа.
N8n мне кажется более автоматизированной, это удобно. 
На очереди бот для календаря))
Спасибо, Таня!"
46,2024-11-14,,3,behavior_change|community_practice,,"START HERE

Всем привет! 

Мы создали это пространство для выпускников нашего интенсива, потому что не хотим останавливаться на достигнутом.
 
Наша миссия
Объединять искателей, энтузиастов и исследователей в доступном и поддерживающем пространстве.
 
Вместе преодолеваем страхи, развиваем любопытство, обмениваемся опытом и растём.

Сообщество — это живой организм, где каждому есть место. 

Здесь можно поделиться успехами, обсудить проблему, с которой вы столкнулись. И вообще фил фри предлагать разные форматы и идеи для встреч :)

Полезные ссылки
1. Разделы сообщества [https://t.me/c/2427462969/1/48]
2. Манифест сообщества [https://t.me/c/2427462969/1/50]
3. Правила сообщества [https://t.me/c/2427462969/1/62]

По любым вопросам пишите в нашу поддержку [https://t.me/contentgconf]."
905,2024-12-18,,2,,,"Да, я бы тоже создала новый проект и каждый месяц, например, делала бы новые чаты для рефлексии. В проект можно написать инструкции для чатика, эти правила будут работать даже в новой беседе"
186,2024-11-15,Voice Messages,2,community_practice|automation_agents,,"Приветик. Меня зовут Илья. Я был на потоке помогающих практиков фасилитатором. До этого тоже был фасилитатором и протагонистом на предыдущем. Интересный факт обо мне. У меня есть мух в чем ты разбираешься? разбираюсь я просто очень много общаюсь с искусственным интеллектом очень много им пользуюсь, пишу с помощью него письма по работе и бюрократии все время с ним общаюсь, все время его спрашиваю я вообще люблю программировать и автоматизировать и сейчас это просто золотое время в чём мне нужна помощь?"
4098,2025-10-18,Anastasia,1,business_process|automation_agents|content_creation,,"Всем привет! 

Ищем digital-маркетолога 
для продвижения объекта Airbnb в США.

Формат работы/условия: Гибкий график, удалёнка, интересный проект.

Задачи:
- Разработать маркетинговую стратегию продвижения объекта вне платформы Airbnb 
- Используя AI инструменты построить систему автоматизированного маркетинга (регулярные публикации, статьи, запуск рекламы)
- Создать AI агентов для автоматизации постинга в соц сетях.  
- Запустить и продвигать сайт объекта: SEO, соцсети, блогеры, Google Ads.

Требования:
— Опыт 2–3 года в digital-маркетинге (желательно недвижимость/Airbnb)
— Понимание рынка США
— Навыки SEO, Ads, аналитики, AI

Детали вакансии по ссылке [https://docs.google.com/document/d/1FWcGeVQXdkSt78Ve-bE2-Y85V3XXq0-v3VSF3ApH1MQ/edit?tab=t.0#heading=h.ikie2ffbwx0n].

Куда откликаться:  резюме и вопросы присылайте на почту soulharmonyplace@gmail.com 
  
Вдруг среди ваших знакомых есть такие специалисты, буду благодарна за рекомендации🙏😊

Спасибо!"
2307,2025-04-01,Таня Минор,1,automation_agents,n8n,"Просто поржать: я сделала бата красивого, мы с ним 2 дня пытаемся, чтобы он работал. 
Сегодня мне чатик такой: ой ну может хватить страдать? вот тебе нормальный бот. 
И присылает мне код, я его сохраняю в json, сейчас открываю в n8n, а там вот такое😆"
1906,2025-03-13,Gconf Саппорт,1,community_practice|automation_agents|content_creation,n8n,"Коворкинг по автоматизации 27.02

Всем привет!

Первая встреча по коворкингу получилась больше про планирование и обсуждение того, как может выглядеть эта серия встреч, поэтому записи видео не будет. Но! Мы собрали все полезные материалы, которые предлагаем посмотреть к следующему разу, чтобы мы вместе сделали следующий шаг в этом непростом деле)

Итоги встречи и задания к следующему уроку

Сегодня на встрече мы обсудили, каких ботов хочется создать, и решили попробовать сделать первых ботов к следующему занятию.

Минимальные задачи:
1. Оплатить доступ к платформе OpenAI.
2. Зарегистрировать бота в BotFаther и сохранить его API-ключ.
3. Зарегистрироваться на платформе n8n.
4.Подумать какой бот нужен для жизни. Простой. 

Максимальная цель:
Создать самого простого ассистента по первому ролику на YouTube.

Материалы:
1. Гайд по созданию ИИ ассистента [https://www.youtube.com/watch?v=Mnwh74BXhNs]
2. Видео от Леши Хахунова про создание простой автоматизации [http://gconf.io/s4_lesson_7]

Подтема [https://t.me/c/2427462969/6], где мы обсуждаем все про автоматизацию. 
Пишите туда ваши вопросы, мы разберем их на следующей встрече!"
1672,2025-03-05,Gconf Саппорт,1,business_process|community_practice|automation_agents,,"Коворкинг по автоматизации | Завтра, 14:00 МСК

Друзья, напоминаем, что завтра ждем вас на вторую встречу по автоматизации! 

На этой встрече:
🔹 Поделимся, что уже удалось сделать и какие задачи автоматизировали.
🔹 Обсудим вопросы и разберёмся с возникающими сложностями.
🔹 Определим следующие шаги и наметим, что тестировать дальше.

Если вы уже пробуете автоматизировать процессы или только собираетесь — присоединяйтесь! Будем разбираться вместе.

📌 Ссылка на встречу [https://us06web.zoom.us/j/88158428583?pwd=vay3q63e6cPsJd7Qqh0ytAMYs6yOD4.1%20]
📌 Добавить в календарь [https://calget.com/yuks06c3]"
1614,2025-02-28,Gconf Саппорт,1,community_practice|automation_agents|content_creation,n8n,"Коворкинг по автоматизации 27.02

Всем привет!

Первая встреча по коворкингу получилась больше про планирование и обсуждение того, как может выглядеть эта серия встреч, поэтому записи видео не будет. Но! Мы собрали все полезные материалы, которые предлагаем посмотреть к следующему разу, чтобы мы вместе сделали следующий шаг в этом непростом деле)

Итоги встречи и задания к следующему уроку

Сегодня на встрече мы обсудили, каких ботов хочется создать, и решили попробовать сделать первых ботов к следующему занятию.

Минимальные задачи:
1. Оплатить доступ к платформе OpenAI.
2. Зарегистрировать бота в BotFаther и сохранить его API-ключ.
3. Зарегистрироваться на платформе n8n.
4.Подумать какой бот нужен для жизни. Простой. 

Максимальная цель:
Создать самого простого ассистента по первому ролику на YouTube.

Материалы:
1. Гайд по созданию ИИ ассистента [https://www.youtube.com/watch?v=Mnwh74BXhNs]
2. Видео от Леши Хахунова про создание простой автоматизации [http://gconf.io/s4_lesson_7]

Подтема [https://t.me/c/2427462969/6], где мы обсуждаем все про автоматизацию. 
Пишите туда ваши вопросы, мы разберем их на следующей встрече!"
1244,2025-01-27,Галит «Я помогу!»,1,business_process|content_creation,ChatGPT,"DeepSeek: убийца ChatGPT или хайп на неделю?  

Весь мир гудит про DeepSeek [https://chat.deepseek.com/], а я чуть было не оставила вас без обзора. Исправляюсь!  

👉 Что мы о нём знаем:  
1. Вчера приложение DeepSeek взлетело на первое место по скачиваниям в США, обогнав ChatGPT. Да-да, это те самые китайцы, которых недавно пытались забанить с TikTok в Штатах. А теперь их новый AI взрывает рейтинги.  

2. DeepSeek уже успел обвалить акции NVIDIA и других крупных компаний. Финансовые аналитики предупреждают: китайцы создали мощный AI практически на «калькуляторах», без миллиардных инвестиций в серверы. Если это правда, технологический рынок ждёт переворот.  

Так что с самим DeepSeek?  
Сейчас он лежит из-за перегрузки (видимо, слишком много желающих), но я успела его протестировать.  

📌 Что я проверила:  
- Поиск информации в интернете,  
- Анализ данных,  
- Создание вирусного контента на основе анализа.  

💡 Выводы:  
DeepSeek отлично справляется с задачами, где нужно подумать. Анализ, стратегии, объяснение сложных процессов — его сильная сторона. Например, он справитася помочь вам ответить на вопрос: «Почему у бизнеса падают продажи 2 месяца подряд?» на основе таблиц.  

Но вот тексты… Если не хотите креативов в стиле «я художник, я так вижу», пока лучше не пытаться.  

Скриншоты запросов и результатов — в первом комментарии.  

А вы уже поставили DeepSeek? Рассказывайте, что тестировали и какие выводы сделали! Делитесь в комментариях👇"
4429,2026-04-29,Любовь С.,0,business_process,,"Ребята, вопросик. 
Есть задачка, кажется прямо просится навайбкодить, но страшновато. 

Для мероприятия надо сделать игру: 
3000 участников 
50 активностей 

За прохождение каждой активности участник получает балл. 
Балл улетает в таблицу результатов в его команду, а команды соревнуются между собой. Фиксацию баллов думаем через скан qr. На табло выводим результаты. 

Может кто-то такое уже делал? Сколько такая работа вообще стоит?"
4420,2026-04-27,👩🏼‍🦰Елизавета,0,business_process|automation_agents,ChatGPT|Claude|Claude Code,"Всем доброго дня🌞

Ищем AI-специалиста по автоматизации на маркетплейсах

Международная e-commerce компания (Amazon, eBay, Европа и США) ищет человека, который умеет автоматизировать процессы через ИИ и API — не на словах, а на деле.

Задача на старте: автоматическая сборка Flat-файлов для листовки на eBay — данные из базы через API, описания с Amazon, фото с Яндекс.Диска. 

Без ручного заполнения. 

Дальше — другие площадки и автоматизации внутри компании.

Кого ищем: — работаешь с Claude Code и ChatGPT как с основным рабочим инструментом — понимаешь как работать с API: подключение, выгрузка, обработка данных — умеешь писать и запускать скрипты через ИИ — разбираешься самостоятельно, без пошаговых инструкций

Условия: — полностью удалённо, полная занятость, гибкий график — фикс 100 000 ₽ — долгосрочно, не разовый проект

Отбор: тестовое задание — 1 день, реальные данные, доступ к Claude Code.

Если это про тебя — пишите мне в личку, расскажи коротко об опыте с ИИ и API"
4426,2026-04-27,Zoya Durova,0,business_process|behavior_change|community_practice|automation_agents,,"Со скачиванием у меня лайфак такой был - я пишу в поддержку Тинькоф, что хочу обновить их приложение и  они выдают мне временный логин пароль, который можно использовать для апстора. У Тиньк этот процесс был полностью автоматизированный и там подробная инструкция пошаговая. 

Смысл в том, что они дают на обновление своего приложения, но никто не запрещает в это время поставить другие доступные. Единственное, что я последний раз так обновилась месяца полтора назад, не могу уверенно сказать, что они что-то не поменяли."
4377,2026-02-21,Эльвира Мингазова,0,automation_agents|content_creation,,"Всем привет! У меня есть задача: перевести и озвучить учебный курс с русского на английский и выпустить на англоязычный рынок.

Я уже тестировала HeyGen - отбросила из-за очень неудобного редактора. 

Остановилась на ElevenLabs dubbing studio, там редактор супер, но работа очень затратная по времени. У меня на озвучку 10 минут уходит 3,5 часа. Редактирую пофразово перевод, отслеживаю темп, отслеживаю совпадение аудиодорожки с картинкой и тд. Постоянно повторяющиеся действия. 

Вопрос: может я чего-то не знаю о том, как можно ещё больше автоматизировать? Пожалуйста, подскажите, у кого есть опыт🫶🏽"
3929,2025-10-01,Aleksey Chervonenko,0,content_creation,,"⚡️Мы придумали способ превращать планировку в визуализацию без 3д моделирования. Только план, промт и nano banana 🍌 

➡️Протестировали эту нейросеть на интерьерных задачах и собрали рабочую связку. Если честно, мы в восторге от nano banana:
▶️отлично понимает промт
▶️не искажает геометрию
▶️почти идеально переносит мебель по референсу
▶️не искажает картинку при редактировании

В видео больше примеров, посмотрите обязательно

➡️Эту нейросеть мы уже добавили в курс [https://t.me/verlab/1829] по интерьерам! Старт через две недели, пишите Диане [https://t.me/koleonema] для записи"
3902,2025-09-25,Lenа,0,,Make,"Ребят, всем привет.

Я сейчас пишу чат бот-ассистента в телеграмм через make, все базово собрала, но в промте, он что то залипает на одном шаге и никак не переходит к следующим вопросам и его зацикливает на одном и том же.

Может кто то подсказать, как промт поправить или что почитать на эту тему. Уже переписываю его сто раз, а он не идет:("
3884,2025-09-13,dasha.matysheva,0,business_process,,"Всем привет! Может у кого-то есть опыт чтения финансовых отчетов с помощью ии , чтобы потом работать над стратегией, чем лучше пользоваться?
У нас большой объем документов за 10 лет собрался хочется его проанализировать"
3533,2025-07-08,Elena Lenenko,0,daily_use,Make,"Я тоже сделала чат бот в make который добавляет события в Гугл календарь, могу попробовать расшарить свой темплейт, если make позволяет. 
Хотела сказать, что подход который мне реально помог - это делать скриншот в мейк в каждом месте где что-то не работает и сбрасывать в чат гпт и писать типа у мен вот такая то ошибка что делать или я на таком то экране, какую мне кнопку нажать чтобы сделать то то и то-то. 
Примерно весь чат бот я по этому принципу сделала"
3461,2025-06-21,Gconf Саппорт,0,content_creation,Gemini,"Визуализация и вайбкодинг с Ильёй | А что, так можно было? #2

Это регулярный формат, где выпускники GCONF раскрывают свои самые работающие приёмы и показывают их «вживую». 

В этот раз Илья поделился тремя практическими кейсами, которые помогают ему в работе, учебе детей и личном контент-флоу.

✨ Мгновенный лендинг из любого запроса
Илья показал, как формулирует запрос в Gemini, получает готовую разметку и публикует аккуратный одностраничник: удобно для чек-листов, внутренних инструкций или быстрых MVP.

✨ Геймификация домашнего обучения детей
На примере математики и правописания Илья создал мини-игры прямо в Gemini: сценарий, правила, иллюстрации. 

✨ Автоматическая сборка постов для LinkedIn + Instagram
Скрипт стягивает темы из подписок, генерит черновики, а Илья только редактирует и публикует. 

Linkedin Ильи [https://www.linkedin.com/in/ilyae/]
Посмотреть видео на Youtube [https://youtu.be/VO3np8A3afk]"
3465,2025-06-21,Gconf Саппорт,0,content_creation,Gemini,"Визуализация и вайбкодинг с Ильёй | А что, так можно было? #2

Это регулярный формат, где выпускники GCONF раскрывают свои самые работающие приёмы и показывают их «вживую». 

В этот раз Илья поделился тремя практическими кейсами, которые помогают ему в работе, учебе детей и личном контент-флоу.

✨ Мгновенный лендинг из любого запроса
Илья показал, как формулирует запрос в Gemini, получает готовую разметку и публикует аккуратный одностраничник: удобно для чек-листов, внутренних инструкций или быстрых MVP.

✨ Геймификация домашнего обучения детей
На примере математики и правописания Илья создал мини-игры прямо в Gemini: сценарий, правила, иллюстрации. 

✨ Автоматическая сборка постов для LinkedIn + Instagram
Скрипт стягивает темы из подписок, генерит черновики, а Илья только редактирует и публикует. 

Linkedin Ильи [https://www.linkedin.com/in/ilyae/]
Посмотреть видео на Youtube [https://youtu.be/VO3np8A3afk]"
2876,2025-05-15,Gconf Саппорт,0,daily_use|community_practice|automation_agents|content_creation,,"Проджект-хакинг с Олей Павлюковой | А что, так можно было? #1

Это первая встреча нового формата в GConf, где выпускники делятся своими реальными историями: как ИИ стал частью их жизни, что работает на практике — и какие находки вдохновляют пробовать дальше.

Что обсуждали:
— как устроен «секретный штаб» ИИ-агентов Оли,
— какие отделы есть в её системе (от дома и быта до контента и юридических рисков),
— как автоматизировать все проекты,
— и как построить удобную систему, для быстрого поиска.

📎 [https://youtu.be/agpqlCXv-qE]  [https://youtu.be/1lO9YZirwqQ]Смотреть видео на Youtube [https://youtu.be/1lO9YZirwqQ]

📎 [https://youtu.be/agpqlCXv-qE] Презентация [https://drive.google.com/file/d/1BBAJ58WCZVbbtzP-NHqUuafVlB4B_9yK/view?usp=sharing]
📎 [https://youtu.be/agpqlCXv-qE] Промты, примеры задач и другие материалы [https://sleet-mochi-c23.notion.site/1f4309274af080f59616f8ff80ccc204?pvs=4]"
1765,2025-03-09,Gconf Саппорт,0,community_practice|automation_agents|content_creation,,"Коворкинг по автоматизации 6.03

На этой встрече мы делились своими кейсами по автоматизации и обсуждали, какие задачи удалось решить за неделю. Участники рассказывали, какие инструменты они тестировали, какие боты уже запустили и что еще предстоит доработать.

Таймкод:
4:55 – кейс 1
Лера рассказывает, как использует готовые боты в телеграм для планирования и обработки информации. 

13:07 – кейс 2
Таня рассказывает, как по видео создала ии-бота в телеграм, который умеет работать с календарем, почтой

46:10 – кейс 3
Осман рассказываает, как создал GPTs для участников интенсива, который не только отвечает на частые вопросы, но и присылает ссылки на материалы курса. 

51:17 – кейс 4
Илья создал бота для проверки очереди в консульство и бота для сообщений в тг.

Задания к следующей встрече:
Создать GPTs на примере того, что показывал Осман. Попробовать создать кастомный чат на любую актуальную тему, этот чат в последствии сможет стать основой для будущего бота в телеграме.

Смотреть видео на Youtube [https://youtu.be/l3cyOGgsH2Y]"
1619,2025-02-28,Gconf Саппорт,0,community_practice|automation_agents|content_creation,n8n,"Коворкинг по автоматизации 27.02

Всем привет!

Первая встреча по коворкингу получилась больше про планирование и обсуждение того, как может выглядеть эта серия встреч, поэтому записи видео не будет. Но! Мы собрали все полезные материалы, которые предлагаем посмотреть к следующему разу, чтобы мы вместе сделали следующий шаг в этом непростом деле)

Итоги встречи и задания к следующему уроку

Сегодня на встрече мы обсудили, каких ботов хочется создать, и решили попробовать сделать первых ботов к следующему занятию.

Минимальные задачи:
1. Оплатить доступ к платформе OpenAI.
2. Зарегистрировать бота в BotFаther и сохранить его API-ключ.
3. Зарегистрироваться на платформе n8n.
4.Подумать какой бот нужен для жизни. Простой. 

Максимальная цель:
Создать самого простого ассистента по первому ролику на YouTube.

Материалы:
1. Гайд по созданию ИИ ассистента [https://www.youtube.com/watch?v=Mnwh74BXhNs]
2. Видео от Леши Хахунова про создание простой автоматизации [http://gconf.io/s4_lesson_7]

Подтема [https://t.me/c/2427462969/6], где мы обсуждаем все про автоматизацию. 
Пишите туда ваши вопросы, мы разберем их на следующей встрече!"
1543,2025-02-24,Таня Минор,0,,ChatGPT|Make,"Привет! Нужна помощь с настройкой бота в Make.

Задача: хочу, чтобы бот забирал сообщение из Telegram, отправлял его в кастомный GPTs и возвращал ответ обратно в Telegram.

Я уже пробовала сделать это через ChatGPT с инструкциями, мы вместе придумали схему, вводили ID кастомного GPTs, но в итоге Make сказал, что так не работает. А ChatGPT теперь пишет, что через Make это вообще невозможно.

Кто-нибудь делал таких ботов? Может, есть обходные пути? Буду благодарна за любую помощь!"
724,2024-12-04,,0,daily_use|business_process|behavior_change|automation_agents|content_creation,,"Революция AGI: как AI меняет рынок труда и нашу жизнь

AGI (Artificial General Intelligence) — технология, которая способна кардинально изменить привычный уклад жизни.

В видео Лёши Хахунова и Димы Мацкевича [https://www.youtube.com/watch?v=eDPrJ7sZ80o] обсуждаются ключевые аспекты влияния AGI на общество, рынок труда и наше будущее.

Я сделала для вас короткое саммари видео, если вы его еще не успели посмотреть или посмотрели на скорую руку. В выпуске обсуждается много волнительных тем, на которые не так просто дать однозначный ответ! 

Ниже можно посмотреть основные темы и тезисы Леши и Димы к ним.

Влияние AGI на рынок труда:
—  Искусственный интеллект (AI) и его развитие могут привести к значительным изменениям на рынке труда, в частности, к автоматизации множества профессий. 
—  Существуют опасения, что с развитием AGI (искусственного общего интеллекта) многие рабочие места могут быть утрачены, что приведет к необходимости адаптации работников к новым условиям.    
—  Появление AGI изменит не только работу, но и восприятие образования, от людей будут требовать новых навыков для конкуренции с автоматизированными системами. 

Проблемы адаптации к новым технологиям:
— Не все люди готовы быстро адаптироваться к новым технологиям, что может привести к неравенству в доступе к возможностям.    
— Исследования показывают, что адаптация к AGI требует не только технических знаний, но и изменений в мышлении, что может быть сложно для многих.    
—  Культурные барьеры и недоверие к технологии могут замедлить процесс внедрения AGI в общество 

Этика и социальные последствия:
—  Вопросы этики и социальной ответственности становятся особенно актуальными, включая вопросы о том, как будут перераспределены ресурсы в обществе.    
—  Рассматривается необходимость создания законодательных рамок, чтобы предотвратить злоупотребления технологиями.    
—  Обсуждение AGI также включает вопросы о том, как государства могут адаптироваться к изменениям и какие меры нужно предпринять для защиты интересов граждан. 

Будущее профессий и роль человека:
—  Прогнозируется, что в ближайшие 10 лет AGI сможет выполнять задачи, которые сейчас требуют человеческого интеллекта, что сделает многие профессии устаревшими.    
—  В то же время, это открывает возможности для создания новых профессий, связанных с управлением и взаимодействием с AI.    
—  Обсуждается возможность внедрения универсального базового дохода (UBI) как ответа на проблемы, возникающие из-за потери рабочих мест, однако это также вызывает много вопросов о его реализации и последствиях для общества.

Какая из этих тем кажется вам самой актуальной или вызывает больше всего вопросов? Делитесь своими мыслями — давайте обсудим!"
