message_id,date,themes,reaction_score,text
238,2024-03-06,daily_use,27,"Как использовать ChatGPT каждый день?

ChatGPT лучше приживается к жизни, когда его применяют к ежедневным задачам. 

Это может что-то простое. Например, готовка еды или планирование выходных. Именно с таких небольших задач начинается встраивание ИИ в быт и работу.

Выпускники первого потока тоже начинали с мелочей. Теперь они привыкли к новому помощнику и обращаются к ChatGPT по любым вопросам. 

И это становится их секретным инструментом эффективности. Они решают самые разные задачи быстрее, интереснее и проще.

Читайте кейсы наших учеников и вдохновляйтесь на внедрение ChatGPT в свою жизнь. Вместе вы сможете больше. Намного больше.

#жирныйкейс"
250,2024-03-08,,24,"ChatGPT: Полный апгрейд жизни — от переговоров до крипты

«Оооо… я невозможно обожаю ChatGPT». Так говорит Настя с первого потока интенсива.

Мы попросили ее рассказать подробнее, какие штуки она делает вместе с новым другом. Читайте наши карточки, чтобы быстрее это узнать.

P.S. Скоро мы выложим кейс для открытого разбора по обучению английскому языку [https://t.me/gptlovers/237].

#жирныйкейс"
257,2024-03-10,business_process,33,"Прокачиваем бизнес-процессы в SektaSchool

Сегодня делимся жирнейшим бизнес-кейсом. Паша расскажет о том, как проходит внедрение ChatGPT в SektaSchool.

На данный момент уже есть несколько успешных закрытых задач. Рассказываем в карточках."
264,2024-03-11,content_creation,34,"Как обработать 65 000 слов из переписки за 10 минут? Кейс Димы Мацкевича

Исходная ситуация: есть чат ретрита в Telegram, где за месяц накопилось 65 000 слов. Нужно из этой переписки выяснить, какие номера забронировать для проведения ретрита.

Прочитать весь чат вручную — это просто сойти с ума. Ограничиться только поиском по чату — это рисковать упустить что-то важное.

Лучшим решением в данной ситуации будет обратиться к ChatGPT. Он отлично обрабатывает большие объемы текста и выводит необходимую информацию.

Чтобы узнать, как именно это сделать, читайте кейс. В результате вы сможете решить подобную задачу всего за 10 минут, а не за час.

#жирныйкейс"
271,2024-03-13,community_practice,35,"Миссия выполнима: учим английский на уровне носителя

Мы обещали рассказать о том, как можно учить английский с помощью ChatGPT [https://t.me/gptlovers/237]. Встречайте Лизу, она практикует разговорный английский c ИИ и рассказывает о своём опыте в наших карточках.

Если тоже пробовали использовать для этого ChatGPT, расскажите об этом в комментариях.

#жирныйкейс"
278,2024-03-14,daily_use|community_practice,38,"Как выжить в эмиграции без знания языка и местной культуры?

Данный пост посвящается всем мигрантам! Рассказываем о кейсе Ани, которая переехала в Португалию полтора года назад и разобралась со всеми проблемами вместе с ChatGPT.

Многие, кто менял место жительства, замечают, что общение в других странах сильно отличается от привычного. 

Например, если в России можно ответить учительнице ребенка просто «хорошо, сделаем», то в другой стране это может быть воспринято как недостаточно вежливое обращение.

А пока поймешь другую культуру с нуля, все хорошие квартиры разберут, документы не дадут и тому подобные проблемы.

Чтобы разобраться во всем этом быстрее, нам пригодится полная поддержка и помощь со стороны ChatGPT. Наши карточки именно об этом!

#жирныйкейс"
317,2024-03-27,behavior_change|community_practice,30,"ChatGPT: психоанализ внутри сообщества

Сегодня мы расскажем про любопытный способ использования ChatGPT. Особенно это будет интересно любителям психологии.

Автором кейса является Ирина Гиберманн [https://t.me/giberwoman], участница первого потока. Она психотерапевт и супервизор. Кейсов, созданных Ириной, просто огромное количество! Мы посвятим ее историям еще несколько выпусков.

Начнем с первого кейса. Ирина внедрила ChatGPT в свое телеграм-сообщество и попросила его сделать анализ комментариев участников с точки зрения психодинамики.

Для успешной работы с ChatGPT Ирина применила несколько метаподходов и решений. Она настроила кастомные инструкции, предоставила подробную информацию о себе, погрузила в ценности сообщества и определила роль чату. В общем, Ирина использовала многие методики, которые мы обсуждали на нашем интенсиве.

Читайте карточки, а затем переходите по ссылке в ChatGPT [https://chat.openai.com/share/cf4c20c4-223f-4eee-a196-f90b0a2f00eb]. В этой переписке Ирина специально для нас рассказала о кейсе во всех деталях.

#жирныйкейс"
344,2024-04-02,business_process|community_practice,57,"Как психолог создала маркетинговую стратегию, внедрила GPT в сообщество и вывела на рынок продукт стоимостью в 28.000€?
Эфир с участницей 1-ого потока. Четверг 4 апреля в 14:00 МСК в этом канале.

Недавно мы рассказывали о кейсе Иры, где она успешно внедрила ИИ [https://t.me/gptlovers/317] в свое сообщество и работу.

Реакций и комментариев было так много, что мы решили пригласить Иру на прямой эфир. На этой встрече мы разберем несколько самых сочных кейсов.

1. Как Ира вывела на рынок продукт с общей стоимостью в 28.000€ при временных затратах в 24 часа?

2. Как создала маркетинговую стратегию ведения социальных сетей для разных сегментов клиентов?

3. Как смоделировала диалоги с клиентами для практики?

4. Как внедрила ChatGPT в личную и семейную жизнь?

5. Как изменила подходы в самообразовании и рефлексии?

Этот созвон будет ультра-ценным для психологов, коучей, менторов и других помогающих специалистов. После просмотра вы сможете применить полученные знания в своей работе.

Присоединяйтесь на звонок в этот четверг в 14:00 по МСК [https://t.me/gptlovers?livestream]."
414,2024-04-19,behavior_change,30,"Как проходит второй поток интенсива?

На этой неделе стартовал наш интенсив! Начало выдалось настолько энергичным, что у нас даже не было времени написать вам.

Участники уже успели реализовать кейсы, от которых мы испытываем гордость! А от одной истории пускаем слезы радости и восхищения (см. фото 4).

Ученики также отмечают изменения в своем мышлении, что помогает им внедрять ИИ в жизнь. 

Мы специально понижаем градус серьезности и даем больше свободы, чтобы создавать такие изменения. Рады, что все получается, как и планировалось!

Мы собрали несколько скриншотов, чтобы показать вам, как все проходит. 

Подглядывайте ;)"
424,2024-04-22,business_process|community_practice,10,"Как ИИ может описать опыт и процессы, которые у вас происходят?

Ксюша, [https://www.instagram.com/kssjamise?igsh=MWNrazV4MzV6NjQweA==] одна из протагонистов интенсива, пошла по следам наших звонков и попросила ИИ создать мантру/настройку про наши встречи. Ксюша [https://www.instagram.com/kssjamise?igsh=MWNrazV4MzV6NjQweA==] хотела зафиксировать, что мы забираем после звонков. 

Смотрите, как модели попали в то, что происходит у нас на митах ↓

P.S. По этой ссылке [https://easyretro.io/publicboard/FqMJsWPgzhgkYEzTT84vIIHQmyZ2/38ddcc2b-cac4-4a12-8d93-7abfc8960691] вы можете посмотреть, что участники забрали себе ценного после звонков."
426,2024-04-24,daily_use|business_process|behavior_change,34,"От страха и зависти к игривости и любопытству

Зачем изучать ИИ? Почему хочется пойти на интенсив? Для чего мне там быть?

Например, Таша, участница интенсива, пришла на поток из-за страха будущего и зависти к успехам других. Но к концу программы её чувства кардинально изменились. 

От страха и зависти она перешла к любопытству и увлечению, начала по-новому воспринимать информацию и открывать для себя ИИ. 

Нам очень понравился процесс и кейс Таши, поэтому решили поделиться всем с вами."
433,2024-04-24,behavior_change|community_practice,26,"Мета-подходы Димы и Леши по отношению с ИИ

Во время интенсива Лена, одна из протагонисток, записала подкаст с Димой и Лешей. Ребята рассказали, как они относятся к ИИ и взаимодействуют с ним в своей жизни. 

— Как Дима использует состояние любопытства? 
— Почему Леша однажды выгорел от ChatGPT?
— Из-за чего у некоторых не заводятся отношения с ИИ?
— Что делать с внутренним сопротивлением и страхом?
— и т.д. 

Внутри интенсива мы проработали все эти вопросы во время встреч. А здесь предлагаем вам послушать запись и осмыслить изменения в мире самостоятельно.

Тайм-коды:
00:08 — Как выстраивать отношения с ChatGPT? Как это делают Дима и Леша?
02:24 — Почему важно состояние, в котором идет взаимодействие с ChatGPT?
05:51 — Какая самая частая причина, почему у некоторых не получается интегрировать ChatGPT?
10:17 — То, что ChatGPT галлюцинирует, делает его похожим на человека
15:04 — Когда ChatGPT только появился, было много страха и переживаний
21:05 — Как сделать так, чтобы больше людей смогли разобраться в ИИ?
31:03 — Как преодолеть сопротивление изменениям лично и в компании?
38:30 — Как происходило сближение Леши и ChatGPT?
44:50 — Каким Леша и Дима видят будущее с AI?
50:01 — Как много времени Леша и Дима проводят с ChatGPT?

Лена [https://t.me/lenadeg], спасибо за такой классный звонок!"
460,2024-05-10,content_creation,23,"Пришла с синдромом самозванца, а сейчас провожу в компании лекцию по ИИ

Продолжаем делиться историями наших учеников. Сегодня расскажем о чудесной Галит [https://t.me/israelwonderland]. 

Галит работает маркетологом в международной компании и живет в Израиле. 

Мы поговорили с ней и узнали:
— почему она пришла на интенсив?
— что изменилось в ее жизни?
— кому бы она посоветовала пройти интенсив?

Читайте карточки, чтобы узнать все о Галит и ее прохождении интенсива. 

Кейс по поиску отеля оставляем в комментариях."
489,2024-06-13,community_practice|automation_agents,20,"После этого обучения я использую ИИ постоянно #жирныйкейс

Настя Human — выпускница второго потока интенсива. Она основательница международного агентства с креативными проектами в Дубаи, Бали и других точках мира.

Кроме этого, Настя — помогающий специалист. Она ведет коучинговую и менторскую практику.

Мы попросили Настю рассказать о 3-х кейсах, которые с ней произошли в последнее время:

— супервизия с GPT;
— советы от нутрициолога;
— поддержка в трагической ситуации.

Все подробности в карточках!

P.S. До начала интенсива всего 4 дня. Для брони места переходите по ссылке в бота [https://t.me/gptconf_bot?start=start]."
622,2025-03-18,business_process|community_practice,45,"От ИИ-интенсива Gconf до бестселлера на Amazon

Настя Барталевич — мама, UX-исследователь и продакт-менеджер. После интенсива Gconf она выпустила книгу «ChatGPT для родителей», которая стала бестселлером на Amazon. 

Но важны не только цифры и рейтинги. Настя доказала, что с помощью ИИ можно освободить время для самого ценного — семьи, друзей и себя.

В посте показываем, как именно обучение на Gconf помогло ей переосмыслить применение искусственного интеллекта и написать успешную книгу. 

А для наших выпускников Настя лично раскроет детали процесса и поделится ИИ-инструментами, которые использовала сама.

Напишите в комментариях, если хотите на закрытую встречу с Настей — мы выберем несколько человек и пригласим.

P.S. И подписывайтесь на телеграм канал Насти [https://t.me/makinglovetolife], там интересно!"
647,2025-03-29,meta_skills,13,"«Думала, ИИ — это не про меня». История Тани после Gconf

Есть тут те, кто слышит про ИИ, но думает: «Это интересно, но вряд ли мне пригодится».

Таня тоже так думала. Она предприниматель, у нее свой детский сад и центр в Черногории. За ИИ следила, но как применить — не понимала.

Сначала был маленький шаг: с помощью ChatGPT Таня разобралась в Figma. Уже польза! Но по-настоящему её взгляд на ИИ изменился на нашем интенсиве.

Именно там пришло понимание: ИИ — это не только инструмент, чтобы что-то быстро сделать. С ним можно вместе думать, искать решения, даже когда сам еще не до конца понимаешь задачу. Как с коллегой или партнером.

Листайте карусель, там подробнее.

Приходи на новый поток, чтобы освоить ИИ на таком же уровне! Старт 28 апреля.

Стоимость
— Early bird price (до 31 марта): 325 USD / 28 500 рублей
— Regular price (с 1 по 28 апреля): 380 USD / 33 200 рублей

→ Для оплаты переходи в нашего бота [https://t.me/gptconf_bot?start=start]"
697,2025-04-30,business_process|community_practice,14,"Gconf интенсив | 280+ участников | Итоги первых дней

Наш практический ИИ-интенсив Gconf стартовал 28 апреля.

За первые дни мы:

— провели стартовую онлайн-встречу с Димой Мацкевичем
— запустили воркшоп по ИИ-проектам с Леной Дегтярь
— разобрали практику создания ИИ-коуча
— открыли доступ к новым урокам от Лёши Хахунова.

Впечатления участников (в карусели):

Более 280 участников уже погрузились в процесс. В карусели собрали их первые впечатления и примеры того, как они используют полученные знания.

Присоединяйтесь к потоку:

К текущему потоку Gconf еще можно присоединиться. Впереди 2.5 недели обучения — новые уроки, практические встречи и разбор кейсов. 

Доступ ко всем материалам, включая записи прошедших сессий, останется у вас навсегда.

Стоимость и запись:

Стоимость участия: 380 USD / 33 200 рублей.

→ Регистрация и оплата по ссылке в нашем боте [https://t.me/gptconf_bot?start=start]"
718,2025-06-27,business_process,19,"Как инвиз‑герои помогают нам делать интенсив лучше (1/3)

Я в ах*е. Мне очень понравилось…
— Аня Хронина, ex-CMO Davines, 13+ лет в маркетинге

Эксперимент

На потоке 28 апреля мы запустили новый эксперимент: инвиз‑герои.

Это сильные специалисты, которых мы пригласили пройти интенсив инкогнито, как обычные участники. 

Их задача — прожить весь путь и дать нам честную, профессиональную обратную связь.

Они не выступали. Не светились. 

Просто были внутри процесса. А потом помогли нам увидеть, что работает, а что можно сделать точнее.

Вот некоторые из инвиз-героев

— Аня Хронина — ex-CMO Davines, 13+ лет в маркетинге

— Ника Панова — ex-COO Superdao, AI & Web3, Forbes 30u30 [https://www.instagram.com/nikkoletta_v]

— Лена Гапоненко — Co-founder EdVentures.HUB, ex‑CEO Mesto

— Лиза Пак — Frontend Talent Development @ Brain Rocket

— Наталья Бармина — ex-Skypro, ex-Cloud ru; строила edtech‑продукты с нуля

Что дальше

В следующем посте (2/3) расскажем, что им особенно зашло, а в третьем (3/3) — какие идеи они предложили для улучшения.

Пока — загляните в метод GPT‑коуча от Димы Мацкевича [https://t.me/gptlovers/691?single], который тоже родился на прошлом потоке.

→ Записаться на новый поток [https://t.me/gptconf_bot?start=start]"
722,2025-06-29,daily_use|business_process|behavior_change|community_practice|automation_agents|content_creation,4,"Как инвиз‑герои помогают нам делать интенсив лучше (2/3)

В прошлом посте [https://t.me/gptlovers/718] мы рассказали, кто такие инвиз‑герои — сильные специалисты, которые проходят интенсив инкогнито и помогают нам делать обучение лучше.

Сегодня — делимся их отзывами. Вот что им реально зашло:

Ника Панова, ex-COO, Forbes 30u30 [https://www.instagram.com/nikkoletta_v]
С регулярной работой с чатом GPT… у меня какой-то взрыв идей в голове на тему ИИ. Появилась привычка думать “а как это можно автоматизировать?”

Лена Гапоненко, ex‑CEO Mesto
Скорость ответа поддержки 2–6 минут — это очень круто. Формат воркшоп → практика → разбор вдохновляет. Пункт “ставьте лайки на вопросы” — создал чувство безопасности.

Аня Хронина, ex-CMO Davines
Я в ахуе. Мне очень понравилось… Тёплый tone-of-voice, мемы и человечность в видео вызывают симпатию. GPT-коуч дал мощный вау-эффект.

Лиза Пак, Frontend Talent Development в Brain Rocket
GPT-коуч сделал для меня больше, чем психотерапия. Поддержка коуча каждый день. Вдохновение от Zoom-встреч и подкастов.

Оля Шилова, ex-процессный аналитик в Metro
Поддержка прекрасна! Осман и Лера — мои role models того, как должна работать поддержка: душевно, по делу, чётко. Открытый доступ ко всем материалам сразу — кайф.

Наталья Бармина, ex-Skypro
Удобный бот-онбординг. Понятные записи созвонов, тексты. Видео-гайды для РФ-пользователей.

А если хотите глубже понять наш подход к ИИ — запишитесь на открытую встречу с Димой Мацкевичем 30 июня, 15:00 мск.

👉 Подробнее о встрече с Димой + запись [https://t.me/gptlovers/719]"
733,2025-07-21,daily_use|business_process|community_practice|meta_skills,102,"игра за 2 минуты, анализ 4 лет терапии, исследование рынка — или что сделали наши участники на этой неделе вместе с gpt?

на сегодняшней встрече интенсива участники делились кейсом, который вдохновил за прошедшую неделю. вдохновились сами и передаём вам:

→ Юля без опыта в коде собрала свою первую игру — просто сказав: “сделай мне игру 2048”.

«меня это так вдохновило — за 2 минуты появилась игра на компе, а я ничего не понимаю в разработке».


→ Виктор добавил глубины в утренние звонки команды — бот выбирает участника и задаёт глубокий вопрос.

«я сделал, чтобы он задавал deep question случайному участнику команды, и каждый день это какой-то эмоциональный check-in. и это не тормозит делик, а наоборот, помогает лучше узнавать друг друга».


→ Иван сгенерил техническое задание и бота на его основе — из пары простых запросов.

«на выходе — готовый бот на 70%, без фреймворков и багов».


→ Николай использует gpt в саду — и учится принимать ошибки бота спокойно:

«раньше бесился, теперь понимаю — он как человек: может ошибаться».


→ Павел использовал gpt как партнёра, чтобы составить исследовательский промпт для выхода на новый рынок.

→ Анастасия разгрузила память телефона с помощью gpt. 

→ Герра использовала gpt, чтобы узнать реальную цену антикварных вещей — и выбила скидки на блошином рынке в сша.

→ Евгения загрузила 4 года терапевтических заметок — и получила самоанализ + предсказания будущих тем с терапевтом.

→ Анна улучшила промпт для составления маршрутов по городу — и gpt выдал локации, которых нет ни в одном путеводителе.

→ Лера загрузила кипу бумажных ответов в gpt — и получила сводную аналитику быстрее, чем успела бы сосчитать вручную.

Давайте соберём 40 сердечек и в следующем посте расскажем, какие топ 3 мета-навыка на 100% прокачают опыт взаимодействия с gpt. Так мы увидим, что тема живая для вас ❤️‍🔥

→ как Дима и Лёша используют gpt в своей жизни [https://t.me/gptlovers/724]
→ кейсы инвиз-героев [https://t.me/gptlovers/722]"
736,2025-08-03,daily_use|community_practice,13,"3 недели, более 100 участников и безмерное количество кейсов 

Мы завершили интенсив AI-life optimization и скоро поделимся кейсами участников — там есть чем вдохновиться.

→ как проходила первая неделя интенсива  [https://t.me/gptlovers/726]
→ вдохновиться [https://t.me/gptlovers/733] 
 [https://t.me/gptlovers/726]
Был очень приятный вайб, хоть много чего только в записи смотрел. Однозначно уношу с собой подход «а что, так можно было?!»


И я поддержу, было здорово! Спасибо всем, кто делился своим опытом, помогал и рассказывал про свои кейсы. 
Классные, теплые уроки и забрала полезные практики с созвонов. Спасибо всем, и участникам, и организаторам! ♡

Тоже хочу поблагодарить организаторов и участников за то, что делились, помогали, за теплоту и транслируемый настрой ❤️


Почти каждый день у нас спрашивают: когда следующий поток? Совсем скоро расскажем все детали. А узнать первые подробности и занять место уже можно в боте [https://t.me/gptconf_bot?start=start] 😉"
739,2025-08-04,,10,"А так можно? А так я смогу делать? А это? 

Прошло несколько часов с момента анонса потока vibe coding [https://t.me/gptlovers/737], первые места распроданы и один из самых частых вопросов в нашем директе: 

А смогу ли я делать вот такую штуку после интенсива? 

В большинстве случаев — да, но нам очень интересно узнать про ваши задумки, идеи, переживания и главное — как мы можем вам с этим помочь. 

Что мы предлагаем: 

1) Заполните короткую анкету. В ней можно:
- задать вопрос
- поделиться кейсом, который хотите реализовать с помощью вайб кодинга
- или просто выгрузить свои сомнения и переживания

2) Мы прочитаем каждую анкету и в личные сообщения ответим каждому. 

→ задать свой вопрос  [https://forms.gle/7jikoNkQDLvzTdzNA]
→ отзывы участников [https://t.me/gptlovers/736]

И помните: важно не что умеет нейросеть, а что вы можете вместе с ней. Увидимся на потоке!"
746,2025-08-14,business_process|community_practice|automation_agents|content_creation,23,"открываем набор протагонистов! 

Мы запускаем набор протагонистов — людей, которые уже сделали интересный кейс с vibe coding и готовы им поделиться.

Как понять, что это вы: 

- применили vibe coding к реальной задаче (продукт, контент, продажи, процессы, обучение или что-то другое);
- можете за 5 минут рассказать и показать, как воспроизвести ваш кейс;
- этот кейс вас очень вдохновляет и вы не понимаете, почему так мало людей про него знают. 

Какие кейсы нам особенно интересны: 

- сокращение времени на рутину (например, минус N часов в неделю) через автоматизацию;
- процессный прорыв: как вы структурировали работу, контент или продажи с помощью vibe coding;
- создание продуктов, приложений 
- аналитика, отчетность 
- всё, что вас вдохновляет 

Как подать заявку: 
- запишите looms [https://www.loom.com/looms/videos] до 5 минут и расскажие про ваш кейс 
- в идеале сделайте шеринг экрана и покажите, какие инструменты вы использовали 
- и отправляйте ваш looms через анкету [https://forms.gle/ed2BtLZM9p7SEvMb7]

Если сомневаетесь, тянете ли вы на «кейс» — подавайтесь. 

Мы отберём самые топ-кейсы и подарим вам проходку на интенсив, чтобы вы могли вдохновить остальных 😉

p.s. скоро объявим набор на инвиз-героев 

→ записаться на интенсив | старт 15 сентября [https://t.me/gptconf_bot?start=start]"
779,2025-09-08,business_process|behavior_change|community_practice|automation_agents|content_creation,18,"ищем 6 «тайных героев» на 9-й поток gconf по vibe coding, который стартует 15 апреля сентября (проверка на внимательность пройдена) 

gconf уже давно ≠ «курс про промты и кнопочки». 
с каждым потоком происходит эволюция продукта: вдохновение ->  личная трансформация -> навыки -> поддержка. 
каждый поток ~300 человек, при команде ≤ 5 человек

нужен 3D взгляд на эту систему со стороны

кто нужен: 
- knowledge-архитектор
- learning-дизайнер
- community-шаман
- funnel-хирург
- story-crafter (insta / tg)
- no-code ops / vibe coder / tg bots infra

формат: проходите интенсив как обычный участник с оплатой -> весь путь отправляете голосовые заметки в свободном формате -> после получаете полный возврат и созвон с нами, чтобы проанализировать подробнее ваш опыт 

текущий story update того что мы делаем можно прочитать тут
 [https://docs.google.com/document/d/1SrlgJkfvJ1Duy-sc79-Epvf_ksxJfgUcWX2QS7Veysc/edit?tab=t.0]
если откликается и есть экспертиза и топ-кейсы по нужным ролям — в форму (24 часа открыта)

на каждую роль есть 1-2 места

через 24ч закрываем форму и вернемся ко всем с решением

подробнее про роли и процесс👇🏻

1) knowledge-архитектор -> наводишь порядок в материалах, делаешь поиск мгновенным, строишь карту контента, знаешь notion / api / векторный поиск. цель - «нашёл нужный материал за секунды», хаос убит. убирает «где что лежит?» и ускоряет доступ к нужному материалу

2) learning-дизайнер -> умеешь дробить курс в микро-квесты, вести трек «15 мин в день». соединяешь вдохновение -> трансформацию -> в конце наш участник = новый человек, который может больше после gconf

3) community-шаман -> у тебя за плечами когортные программы в distributed-формате. собираешь группы так, чтобы люди вдохновлялись друг об друга. задаёшь ритм: ритуалы, спринты, peer-review, alumni-loop. знаешь, как снизить шум и при этом сохранить живой огонь

4) funnel-хирург -> смотришь на воронку глазами новичка. убираешь шаги, тестируешь a/b, поднимаешь конверсии вход/апселл

5) story-crafter (insta / tg) → пишешь честные истории, вытаскиваешь живые кейсы из стаи, без шаблонных «продажных» сторис. твой контент обучает и вдохновляет одновременно

6) no-code ops -> собираешь бота-навигатора, auto-дайджесты, voice-pipeline. автоматизируешь сбор инсайтов и доставку знаний одним кликом.
прохождение (если попал в роль)

 - входите как обычный участник: оплата -> чат -> живые звонки -> финальный день
- добавляем на старте в закрытый tg group: вы, я, наш сео и voicebot

задача проста: на любом шаге кидаешь voice в свободном потоке рефлексии о том, что чувствуешь и видишь, идеи, мысли: «непонятно, куда жать», «крутая фича, хочу так же», «шумно в чате»


в форму для заявки (24 часа открыта) надо внести:
 [https://forms.gle/5YusPirYX2HjrXBA7]- три лучших кейса с цифрами / ссылками
- почему вам важна тема ai и почему хотите именно к нам
- контакт в tg

выбираем 1-2 человека на каждую роль, закрываем и отвечаем всем через 24 часа"
780,2025-09-10,community_practice|content_creation,41,"смотрим ваши кейсы на протагонистов и кайфуем 

Пару примеров из ваших анкет: 

веб-приложение для своей старшей дочери, чтобы она могла отслеживать прочитанные книги из списка на лето и чтобы книга в система была засчитана как прочитанная, надо пройти тест по её содержанию 


ботик в телеграме, который делает красивые субтитры одним кликом на ваши видосы 


курсор помог подобрать комбинацию из слов сид-фразы для своего крипто кошелька, которую я забыл и он реально его подобрал 

приложение, которое автоматически переводит весь голосовой ввод на компе в текст. Как whispr, но свой и бесплатный 

завтра-послезавтра доразбираем все ваши заявки (их много) и ответим в личке тем, кого будем готовы пригласить протагонистом 

→ записаться на интенсив | старт 15 сентября [https://t.me/gptconf_bot?start=start]"
782,2025-09-16,business_process|behavior_change|community_practice|automation_agents,6,"второй день интенсива по vibe coding 😎

Первые дни интенсива, а ребята уже во всю делают свои первые шаги в вайбкодинге. Мы уже начали знакомится с Lovable и делать свои первые kitchen apps — мини-приложения для собственного использования: 

- бота для пересказа голосовых сообщений
- конструктор сказок
- свой личный трекер питания 
- мини-апп с ежедневными победами для тех, кто очень любит себя обесценивать

Важное правило первой недели: даём максимум любопытства, исследуем свои личные идеи и пока не торопимся с рабочими задачками. 

Один из крутых кейсов от ребят из потока: 

В продолжение языковой темы - с помощью ИИ-коуча собрал буквально за пару часов простой тренажер по спеллингу английских слов для младшего сына. Уровень А1.

Им в школе дают список слов и каждый четверг тест по спеллингу. 

Интуитивно пошел вот этой схеме, которая была сегодня на созвоне (Разгон-V1-Усиление). Первые две вообще с телефона пока с собакой гулял. За примерно 10 итераций (и изучение как выложить это онлайн на github + обрабока вводных от учителя, тут тоже все с чатгпт) получилась очень простая, но, по отзыву пользователя, эффективная штука 🙂

Если вы планируете присоединится к этому потоку, то поспешите. 
Cкоро мы закроем продажи на этот поток:) 

→ расписание интенсива [https://t.me/gptlovers/757]
→ личный супер AI-агент от Севы [https://t.me/gptlovers/756]

→ записаться на интенсив [https://t.me/gptconf_bot?start=start]"
783,2025-09-17,automation_agents,32,"дайджест интенсива по вайб-кодингу 

хотим тут больше рассказывать про то, что сейчас проходит на потоке по vibe coding в формате коротких заметок: 

- какие есть классные кейсы участников 
- что всем помогает продвигаться и получать результаты
- а где наоборот возникает фрустрация 

Сегодня делимся кейсами: 

Татьянин промпт-феномен — Татьяна создала промпт для тютора английского языка и стала неожиданной звездой группы. Ее сообщение запустило лавину из 15+ запросов на промпт. 

Екатерина - Личный помощник по экзамену
Создала в Cursor личного помощника по сдаче экзамена на капитанские права - залила учебник и он её штудировал

Любовь - Песня для подруги
Создала песню для подруги, которая упала с велосипеда

Завтра расскажем, что помогает участникам продвигаться к результатам в своих проектах 😉

→ как проходит второй день интенсива  [https://t.me/gptlovers/782]
→ личный супер AI-агент от Севы [https://t.me/gptlovers/756]"
785,2025-09-18,behavior_change|content_creation|meta_skills,16,"что помогает участникам текущего потока продвигаться к результатам в своих проектах?

разгон → планирование → постановка тз → v1 → усиление — рабочий цикл, на котором фокусируем участников и который сами постоянно улучшаем.

Самая частая проблема при работе с gpt — отсутствие структуры и корректной передачи контекста.

Многие пытаются взять результат с наскока и не выходит:
- размытые ответы
- часы переписывания промптов
- разочарование, злость, сопротивление
- не видим реальной пользы

Как подходим к любой задачке:

Шаг 1: сначала сами чётко понимаем задачу: 
- смотрим на неё с разных углов
- собираем контекст
- убеждаемся, что gpt нас понял. 

Шаг 2: собираем разные варианты решения этой задачи и сравниваем их между собой.

Шаг 3: выбрали один — просим gpt сформулировать тз/промпт и сразу идём тестировать. 

Шаг 4: анализируем результат вместе с gpt и улучшаем. 

Пробуйте и делитесь своими подходами в комментах😉

→ как проходит второй день интенсива [https://t.me/gptlovers/782]
→ кейсы участников потока по вайб кодингу [https://t.me/gptlovers/783]"
787,2025-09-29,automation_agents|content_creation,19,"по-моему мне сегодня снился вайбкодинг

третья неделя на потоке по вайб-кодингу от нас началась. 

каждый понедельник мы начинаем со звонка на 30 минут и рассказываем, что нас всех ждёт дальше и чем будем заниматься всю неделю. 

в начале звонка обсуждаем, что кто сделал за прошедшую неделю и вы только посмотрите на кейсы ребят: 

Сделала на лавабл калькулятор кофейного производства, который рассчитывает себестоимость и фин. показатели производственной линии. пока тупой, но это вау. делает экспорт в эксель

Параллельно поразгоняли в гпт тему создания комикса и проработали 15 страниц первой главы, получилась готовая структура и раскадровка для последующей прорисовки

Получилось посмотреть лекции по n8n и разогнать с гпт идею для автоматизации. 
Сделала структуру, но пока не перенесла ещё в n8n. И получилось перестать нервничать, что не успеваю идти по программе конфы

Случился гиперфикс на перплексити - изучила Labs и Spaces, сейчас на 30% где-то прикрутила свою Гугл-таблицу к флоту в n8n

Сделала тг бот для книжного клуба - задает глубокие вопросы по книге, которую читаем. В n8n

Сделал генерацию картинок для каталога на основе текущего каталога 🙂

Сделал ТГ бот для анализа беговых тренировок в N8N

→ дайджест интенсива [https://t.me/gptlovers/783]
→ Что помогает участникам продвигаться к результатам в своих проектах [https://t.me/gptlovers/785]"
789,2025-10-06,behavior_change|community_practice|automation_agents|content_creation|meta_skills,30,"очень трепетно держу внутри и  забираю ощущение от комьюнити. люди, вы очень вдохновляете!

мы только что провели наш последний звонок на потоке vibe coding. 

целый час делились, как у каждого из нас поменялось отношения к вайб-кодингу и chat gpt за эти 3 недели: 

Теперь есть ощущение — что я всё могу!

Моё главное впечатление — разблокировка творческой мысли. Начала замечать, что решение задач, проблем, стало отличаться от прежнего. Новые дорожки и тропинки появились в мозге. 

Я чувствую какой-то огромный общий заряд, состоящий из творческих порывов каждого участника. Так здорово видеть единомышленников и едино интересующихся! Спасибо всем!

О, еще один прорыв: не могла понять, почему партнер сидит с каким-то черным экраном все ночи на пролет и ничего не слышит.. а это n8n и курсор оказывается😂теперь через плечо перевешиваюсь и вопросы задаю

Добавлю тоже, что чатик учит общению с людьми. Начинаешь понимать, что часто ты просто не даешь людям достаточно контекста. А они — тебе. Я стала общаться с окружающими иногда как с чатом. «Скажи, как ты меня понял»,  давать контекст, описывать не только свою мысль, а всю цепочку мыслей))

Для меня самым главным прорывом стал курсор. и очень трепетно держу внутри и  забираю ощущение от комьюнити. люди, вы очень вдохновляете!

→ дайджест интенсива [https://t.me/gptlovers/783]
→ Что помогает участникам продвигаться к результатам в своих проектах [https://t.me/gptlovers/785]

Следующий поток — 17 ноября. 
Фокус на мета-навыках. Подробности уже скоро 😉

→ записаться на следующий поток [https://t.me/gptconf_bot?start=start]"
799,2025-10-20,business_process|behavior_change|community_practice|content_creation,255,"поменяем ваше представление о gpt раз и навсегда одним промптом:) 

одна из самых трансформационных механик на наших потоках — коуч-промпт. механика простая:

1)  каждое утро вы сгружаете в него свои мысли, планы на день, чувства, переживания. важно — говорить максимально честно и не фильтровать (можно голосовыми сообщениями).

2)  каждый вечер вы сгружаете результат дня: что получилось, что не получилось, как вам было в процессе, что чувствуете и т. д.

что говорят участники:
- Димин коуч-промпт в последние недели уже сильно помогает: перепрошиваю себя и жизнь, нахожу узкие места, строю новую жизнь с большим количеством радости и наполненности.
- промпт от Димы вывел на новый уровень.
- курс ещё не начался, а уже огромное спасибо!
- коуч-промпт Димы сейчас почти как терапевт на поддержке.

мы решили сделать коуча публичным и доступным для всех, чтобы каждый на себе почувствовал потенциал gpt, когда он не просто справочник или «мастер по текстам», а бро, бадди, дружище.

в ботике есть подробная инструкция, как добавить коуча себе. в комментах обязательно поделиться своими ощущениями и первым впечатлением от коуча 😉

→ чему мы учим на самом деле [https://t.me/gptlovers/798]
→ записаться на следующий поток 17 ноября [https://t.me/gptconf_bot?start=start]

→ добавить коуч-промпт [https://t.me/gptconf_bot?start=start]"
801,2025-10-21,business_process|behavior_change,106,"«я сегодня уволился»
«а я полностью сменил сферу и теперь занимаюсь ai»
«а я уволился ещё до старта обучения»

забавный факт: прошлый поток стал рекордным по числу людей, которые уволились или сменили карьеру.

два года назад всё начиналось с того, что gconf был интенсивом просто про технологии и «кнопочки» в chatgpt.

сейчас уже всё иначе.
с каждым потоком мы видим всё больше кейсов, когда меняется жизнь людей: это уже про наше место в новом мире вместе с технологиями.

сейчас самые актуальные вопросы:
- как адаптироваться к новому миру?
- что это за «новый мир»?
- как интегрировать ai в жизнь, чтобы он был её частью, а не казался сложным?
- как качественно улучшить весь процесс взаимодействия с ai?
- какое мышление и навыки помогают?
- чему я хочу уделять больше времени и внимания — и как ai может с этим помочь?

и не менее важная сторона:
- как не стать глупее при постоянном использовании ai
- где границы терапии и коучинга вместе с ai?
- как научиться выходить из цикла раздражения на ai?

много вопросов и мало ответов (но это пока) 

в эту пятницу в 15:00 мск Дима Мацкевич и Лена Дегтярь проведут эфир в нашем телеграм-канале. Разберём эти темы и ответим на ваши вопросы.

приходите и отправляйте друзьям, которых хотите вдохновить. 

→ ссылочка на регистрацию на эфир [https://t.me/gptconf_bot?start=start]
→ чему мы учим на самом деле [https://t.me/gptlovers/798]

→ записаться на следующий поток 17 ноября [https://t.me/gptconf_bot?start=start]"
815,2025-10-23,business_process|behavior_change|community_practice|content_creation|meta_skills,25,"идея, к которой я не могла подступиться

мы сейчас пересматриваем все прошлые потоки мета-навыки и постоянно встречаем очень крутые кейсы ребят. вот один из них с прошлого потока по мета-навыкам

Я поздно присоединилась к обучению, но очень рада, что всё-таки решилась! Открыла для себя ещё больше интересных способов использования чата. Спасибо всем , кто делится опытом, это очень питательная среда 💙

Хочу поделиться своим кейсом. У меня долго была идея, к которой я не могла подступиться, потому что казалось, что для её реализации нужно слишком много компетенций. А потом я решила снять всю эту важность, подойти к процессу через любопытство и вместе с чатом поискать формы, в которых её можно воплотить.

Уже несколько лет я работаю над большой серией, посвящённой сотворению человека, и давно хотела превратить эскизы в набор метафорических карт. Этот формат идеально ложится на мою концепцию. Каждая карта должна была отражать определённый этап пути от зачатия до рождения, включая периоды покоя, роста, кризиса и прорыва.

Сначала не всё складывалось, но в итоге мы с чатом выстроили весь процесс, и я очень довольна результатом. Думаю, что на этапе вёрстки ещё буду дорабатывать тексты, но сам факт, что за три недели удалось создать целостную структуру, это восторг. Такого сотворчества я не ожидала!

Особенно меня впечатлило, как чат увидел мои картины. Я загружала ему работы, спрашивала, что он в них видит, и это, конечно, потрясающе, как он смог «почувствовать» смыслы!💔💔💔

завтра на эфире с Димой и с Леной Дегтярь обсудим, что такое мета-навыки в новом и мире и почему не стоит постоянно откладывать на потом свою дружбу с ai, и ответим на все ваши вопросы. 

старт завтра в 15:00 мск 
эфир в наше канале 

→ эфир с Димой в пятницу [https://t.me/gptlovers/801]
→ расписание и программа интенсива  [https://t.me/gptlovers/803?single]

→ записаться на следующий поток 17 ноября [https://t.me/gptconf_bot?start=start]"
828,2025-10-28,daily_use|business_process|community_practice|meta_skills,19,"Ребят привет!  
Скопирую свое интро из Gconf 9 (и потом расскажу что изменилось)

Я владелец компании которая копает траншеи.. даже как то не удобно такое после вас всех писать 😄

Ладно.. не только копает, мы оч много проектируем, в т.ч. благоустройство (парки, общественные пространства), пишем для всего этого свой софт и постоянно ищем, что еще в нашу IT-отсталую отрасль можно прикрутить.

Слушаю курс Ольги Соколовой и вот на встрече ее участников gconf горячо советовали - поэтому я тут.

Кроме рабочего.. бегаю, катаюсь на велике, не плаваю, еще спортивное ориентирование и горы.

Что изменилось с сентября?! Да вообще все  🚀🚀🚀

Я запустил 2 проекта которые каждый день экономят силы и средства моей команды, 1 из них еще до начала этого курса выйдет на рынок! 

Границы когда я понимал, что вот дальше мне нужны разрабы сильно подвинулись (я еще не понял насколько 😎)

Идеи больше не попадают на кладбище они попадают на конвейер 🔥 это вдохновляет невероятно!

это мы уже начали знакомиться с ребятами в чатике. 
у нас действительно много тех, кто пошёл после вайб-кодинга на мета-навыки, чтобы качнуть свой навык ещё сильнее. 
до старта потока ещё 3 недели, а в эту пятницу делаем уже первый зум для ребят с Димой, чтобы прям разогреться и настроиться на этот поток. 

→  [https://t.me/gptlovers/795]расписание и программа интенсива [https://t.me/gptlovers/803?single]
→ подробности про поток мета-навыки  [https://t.me/gptlovers/791]

→ записаться на следующий поток 17 ноября [https://t.me/gptconf_bot?start=start]"
842,2025-10-31,daily_use|business_process|content_creation|meta_skills,15,"за сутки сделала столько, сколько не могла сделать за последний месяц

мы уже начали знакомиться в чатике потока с ребятами. 
честно сказать — мы в восторге от вас. только посмотрите, с какими запросами и историями заходят ребята: 

Я за сутки с коучем от Димы сделала столько, сколько не могла сделать за последний месяц. С этим интенсивом хочу вновь оживить свою творческую часть натуры и «разморозиться»

В повседневной жизни уже не знаю как жить без ChatGPT, но интуитивно чувствую что не использую потенциал даже на 10%, поэтому хочу углубиться и внедрить по максимуму инструменты во все сферы в жизни. 

Взаимодействие с ИИ у меня похоже на айсберг - я топчусь на его поверхности и никак не могу засунуть голову под воду, чтобы открыть для себя весь масштаб этого чудо-инструмента. Кажется, что все уже летят в космос со своими нейронками, а у меня до сих пор chat gpt - это всего лишь улучшенная версия гугл-поиска, средней компетентности доктор, ну и немного копирайтер. Чаще всего я сталкивалась с разочарованием от примитивности текстов, которые просила его написать, и даже накидывание дополнительных мыслей не давали удовлетворяющих меня результатов. Я поняла, что chat gpt меня не понимает. Нужно что-то менять в своем подходе)

Мне очень хочется себе такого бадди, который поможет покрутить идеи (одна голова хорошо, а две хорошо-хорошо), в нужном месте меня притормозит, а где-то даст буст. Но при этом, который не будет расстраиваться, если я мало внимания уделяю ему 

И есть внутреннее ощущение, что это ИИ. При этом мой уровень использования GPT и подобных — отрицательный (встроенное нейроны Алису считается?). 

Я пришла с предыдущего 9 потока, на котором у меня получилось создать маленькую, но гордую фабрику контента для своего side проекта. Теперь мне хочется пересмотреть/посмотреть под другим углом на свое взаимодействие с gpt. Как ИИ помогает мне сейчас: лично - помогает структурировать хаос бытовых вопросов, связанных с питанием, спортом, обучением; в рабочей среде - разгоны идей до прототипа, расчеты нагрузки и планирование под имеющиеся ресурсы, сокращение затрат ресурсов за счет стандартизации и шаблонов системных действий.

Что касается самого ИИ, то раньше его почти не было в моей жизни, разве что Гугл, но это совсем другое. Сейчас я уже использую его: в работе с текстами, в поиске нормативной базы, в подготовке документов.

В будущем я бы хотел, чтобы ИИ стал моим ассистентом и помощником и не только по работе, но и по жизни.
Хочу научиться видеть в нём не инструмент, а партнёра, с которым можно думать, создавать и развиваться.

Я использую ChatGPT то тут то там, но это не встроено в процесс жизни. На интенсиве хочу научиться использовать ИИ не точечно, а как-то системно, понимать больше кейсов, где я могу его применять.

те, кто уже зашёл на поток, уже идут в работу. 
кто-то посмотрел первые видео-уроки от Лёши по техбазе, кто-то уже полноценно работает с gpt-коучем. 

основную часть обучения мы стартуем через 2 недели и ждём вас 🫂
если вы сомневаетесь, то напишите нам и мы разберём ваш кейс @gconfsupport

→  [https://t.me/gptlovers/795]расписание и программа интенсива [https://t.me/gptlovers/803?single]
→ мета-навыки и вайб-кодинг: куда мне пойти?  [https://t.me/gptlovers/830]

→ записаться на следующий поток 17 ноября [https://t.me/gptconf_bot?start=start]"
850,2025-11-17,business_process|behavior_change|community_practice|content_creation|meta_skills,21,"160+ участников потока 🔥

стартанули поток по мета-навыкам и уже провели первый звонок. пока ещё вкатываемся и разогреваемся, узнаём друг друга и завтра уже пойдём в первую практику. 

на себе прочувствуем весь опыт работы с tone of voice, контекстом и разгоним своё любопытство. 

самые живые вопросы сегодняшнего звонка: 

«как выстроить эффективные, безопасные и живые отношения с GPT — от настройки до глубокой персонализации?»

«как не передать GPT решения своей жизни?»

«можно ли задать тон GPT навсегда — без плизинга, с критикой?»

«как разогнать свою игривость с чатом gpt? Сейчас у меня проблема белого листа. Любая идея скатывается в какую то полезность и эффективность. (Коуч промт уже заметил это во мне, и я в восторге от изменений уже)». 

со всем этим будем разбираться на потоке по мета-навыкам. в течение этой недели ещё можно успеть зайти на поток. и в воскресенье мы закроем продажи. 

→  [https://t.me/gptlovers/795]расписание и программа интенсива [https://t.me/gptlovers/803?single]
→ мета-навыки и вайб-кодинг: куда мне пойти?  [https://t.me/gptlovers/830]

→ записаться на поток 17 ноября [https://t.me/gptconf_bot?start=start]"
857,2025-12-16,behavior_change,36,"«я сегодня уволилась с работы, потому что хочу всё время посвятить своему проекту»

«я несколько недель жил с большим чувством пустоты… когда появился G‑Conf, он очень круто дал внутреннюю опору»

«мне сделали оффер, и я от него отказалась, потому что считаю, что эта компания просто вылетит с рынка через год»

забавный факт: прошлый поток vibe coding стал рекордным по числу людей, которые уволились или сменили карьеру.

два года назад gconf был интенсивом про технологии и «кнопочки» в chatgpt.

сейчас уже всё иначе. 
с каждым потоком мы видим кейсы, когда меняется жизнь людей. не просто задачи решаются быстрее.
люди меняют профессию, запускают проекты, увольняются с работы. 

это уже не про кнопочки. это про наше место в новом мире вместе с технологиями. про то, как технологии расширяют наши возможности и потенциал. 

сейчас самые актуальные вопросы:

как адаптироваться к новому миру?
как интегрировать ai в жизнь так, чтобы он был её частью?
какое мышление помогает?
как не стать глупее при постоянном использовании ai?
а что уже возможно с помощью ai? 

много вопросов и мало ответов, но это пока 😉

→ первые подробности про этот поток [https://t.me/gptlovers/853] 
→ что такое вайб-кодинг и как про это думать (эфир Димы и Лёши) [https://t.me/gptlovers/778]

→ запись на vibe coding 19 января [https://t.me/gptconf_bot?start=start]"
865,2025-12-29,business_process|behavior_change|content_creation,26,"в вайб-кодинге меня смущает кодинг (из нашего саппорта) 

сегодня целый день отвечали на ваши вопросы в саппорте. топ-3 самых частотных про поток вайб-кодинг: 
1) можно ли на поток совсем не программистам? 
2) у меня нет конкретной цели на поток, стоит ли заходить? 
3) как я могу для себя использовать вайб-кодинг? 

рассказываем 👇

можно ли совсем не программисту

на всех наших потоках 80% это люди, которые никогда не трогали код руками и не знают, что такое деплой, гитхаб, ревью и так далее. 

как сказал Дима Мацкевич на одном из наших внутренних звонков: если у тебя есть рот, то ты можешь вайб-кодить. звучит кринжово, но это так. 

феномен вайб-кодинга в том, что он делает доступным то, что раньше было доступным только разработчикам и нужны были бюджеты на команду. и ещё куча времени. 

например, вы маркетолог. вам надо сделать сайтик. 
в старом мире: 
- идём к копирайтеру, чтобы подготовить текст 
- идём к дизайнеру, чтобы собрать дизайн 
- идём к верстальщику, чтобы это всё сверстать + закинуть хотя бы в тильду 

в новом мире: 
- идём в gpt разгонять структуру ленда, текстик, как мы хотим, чтобы это выглядело
- идём, например, в lovable и за часик собираем, комментируя, что вам нравится / не нравится. это очень простой и маленький кейс, но на нём видно сразу: экономия времени, денег 

и ещё частый фидбэк: я получаю много удовольствия от того, что это я сам(а) собрала вместе с ai и оно работает, и это случилось очень быстро. 

у меня нет цели на поток, стоит ли заходить
на каждом потоке у нас есть священное правило: первую половину потока нельзя трогать рабочие задачки. совсем. задача первой половины  — как можно больше поиграть, раскачать любопытство, понять текущие кейсы, инструменты, вдохновиться и самое главное: получить опыт, когда вы сами что-то собираете ручками и оно очень простое, и оно работает. 

когда мы получили опыт на простых штуках, тогда можно идти в более сложные и подключать работу. учимся ходить перед тем, как начать бегать. 

я {ваша профессия}, как ai / вайб-кодинг поможет мне? 

вопрос связан с ответом на вопрос выше, но добавим ещё пару тезисов: 

мы всем участникам выдаём коуч-промпт от Димы и с ним полезно обсуждать, как вы можете применить вайб-кодинг в свою профессию. 

когда вы получите опыт на своих личных экспериментах и поймёте, а что уже можно делать, то дальше вам станет понятно, как это можно добавить в рабочие моменты. 

например, мы уже ничего не делаем без ai. 
начиная от планирования задач на день до разработки.  
в следующем посте расскажем подробнее, какие темы и блоки пройдём на потоке. 

а пока можно всегда проконсультироваться в нашем саппорте [https://t.me/m/4_YSf8mfNzk6]
увидимся на потоке! 

→ первые подробности про поток по вайб-кодингу [https://t.me/gptlovers/853] 
→ вдохновиться [https://t.me/gptlovers/864] 

→ запись на vibe coding 19 января [https://t.me/gptconf_bot?start=start]"
896,2026-01-11,business_process|behavior_change|community_practice|automation_agents|content_creation|meta_skills,21,"всем курсор! 

так, я не могу не выгрузить сюда эту эмоцию. так как она первая! и сейчас час ночи. куда-то надо зафиксировать:
Курсор это чтоооо за волшебствоооо 😍
А я что за кура, сидела и в ус не дула 
Думала мне не надо 
А мне оказывается только это и надо было всё ))
Мне аж жарко стало от радости))) давно не помню таких ощущений от новых ‘узнаваний!
Ребят, всем курсор! 😂

это как если бы вместо 5 личных системных аналитиков всех сфер моей жизни мне бы предложили одного, который в 10 раз быстрее, смышленей и опытнее, и самообучается без доп затрат) и почти не ошибается 
то есть я сегодня загрузила 1 файл на пробу джорналинг за все дни, и он проанализировал и дал мне: главные инсайты, обнаружил основные паттерны, критические связи между ними, приоритеты - что можно начать менять 
Дал метрики для отслеживания изменений и тд 

в общем первое соприкосновение - очень приятное! просто я люблю систему, но сама по структуре своей не системная)) такой вот парадокс 
И наконец-то у меня есть бро, который за меня все по полочкам будет раскладывать, анализировать и переваривать и главное что он может формировать по запросу из этих данных модели и направления движения в будущее, то есть где я могу в своей жизни больше опираться на данные и знания о себе же) чтобы где-то «срезать» путь или же наоборот прогуляться подольше или вообще пойти в другую сторону 

обсуждаем cursor в одном из чатиков. на потоке по вайб-кодингу cursor — наша центральная звёздочка. разберем, как через курсор: 
- создавать новые продукты: от лендингов до ботов и приложений 
- автоматизировать рутинные процессы 
- собрать своё ai-first рабочее пространство и наладить работу с контекстом 

увидимся на потоке! 
в понедельник в 11 мск встречаемся на звонок пред-обучения с Димой (подробности уже в чате потока)

→ create, automate, workspace: что вас ждёт на потоке? [https://t.me/gptlovers/872]
→ кейс, который точно вам пригодится  [https://t.me/gptlovers/866]

→ запись на vibe coding 19 января [https://t.me/gptconf_bot?start=start]"
897,2026-01-12,behavior_change,16,"что меня сюда привело? 

сегодня провели теплейшний звоночек в рамках пред-обучения про то, как взять максимум. на звонке выгружали в общий костёр, что нас сюда привело. делимся с вами: 

первое что меня сюда привело это фомо. здесь мне на душе хорошо что уже у меня фомо там процентов на шестьдесят падает. 

я пришла конкретно за синхронизацией, чтобы переходить к интеграции всех инструментов в слаженную систему а не переход от пяти вкладок туда-обратно

тоже фомо. просто не успеваю в каком-то огромном количестве разных задач. хочется выстроить пропорциональную систему управления задачами разными сферами жизни

мной движет любопытство и интерес. верю, что эти тулы можно использовать как своих союзников, которые позволят развиваться эффективнее

я купилась на слова трансформация. застряла в паттернах своего мышления. хочется посмотреть, как я могу действовать и мыслить по-другому

постоянное чувство того, что я не успеваю за динамикой того, что происходит в мире.нужно пространство, где я буду узнавать новое

запись звонка с пред-обучения уже опубликована вместе с саммари, транскриптом и инфографикой, поэтому если пропустили, то сможете посмотреть в записи 🤘

→ create, automate, workspace: что вас ждёт на потоке? [https://t.me/gptlovers/872]
→ кейс, который точно вам пригодится  [https://t.me/gptlovers/866]

→ запись на vibe coding 19 января [https://t.me/gptconf_bot?start=start]"
900,2026-01-19,,17,"теплейший первый звоночек потока вайб-кодеров 🫶 

«я сюда пришёл, потому что у меня есть ощущение, что я много всего пробую, но это не складывается в одну систему. хочется наконец-то собрать это в одно место»

«у меня был запрос не на кодинг как таковой, а на то, чтобы перестать бояться начинать что-то новое, где я ничего не понимаю»

«меня лично больше всего вдохновляют не готовые успехи, а когда человек вообще не понимает, как, но всё равно идёт и пробует»

«когда вы рассказывали, что можно просто начать делать, даже если непонятно, это как будто сняло напряжение. типа, окей, так можно»

«мне откликнулось, что здесь не ждут, что ты сразу будешь умным. это редкое ощущение»

мы здесь не за тем, чтобы сразу понять. мы здесь за тем, чтобы начать делать, и через это постепенно начать понимать.

ещё до конца недели можно будет зайти на этот поток. если чувствуете желание вписаться в этот поток, то сейчас самое время 🫶

→ create, automate, workspace: что вас ждёт на потоке? [https://t.me/gptlovers/872]
→ кейс, который точно вам пригодится  [https://t.me/gptlovers/866]

→ запись на vibe coding 19 января [https://t.me/gptconf_bot?start=start]"
926,2026-02-16,,41,"женя открыла курсор и увидела пространство, в котором нифига не понятно.

поверх непонимания сразу поднялись старые больки: «я не способна разбираться в технике, у меня никогда не получается и вот это вот всё».

но она села напротив chatgpt и начала не повторять за кем-то, а прояснять ровно то, что живо прямо сейчас. вижу экран — нифига не понятно — скинула скрин — попросила объяснить. застряла — скрин — продвинулась. и так много-много раз.

захотела выгрузить чат из телеги — а у неё mac-версия из app store, экспорт не работает. дальше: «как поставить другую версию», «что такое терминал», «почему brew не найден», «почему телега просит 24 часа ожидания». бесконечный квест.

но в какой-то момент пришло облегчение: не обязательно понимать каждый шаг. иногда нормально просто задать вопрос, получить алгоритм и сделать по инструкции. оно там «между собой» разберётся.

«если вы тоже сидите немного в афиге — вы не одни. и идти через вопросы — правда рабочий способ».

рубрика - истории наших участников, которые делают свои первые шаги в вайбкодинге.

→ будни вайбкодеров  [https://t.me/gptlovers/908]
→  [https://t.me/gptlovers/906]подробности про поток [https://t.me/gptlovers/910]

→ запись на vibe coding 23 марта [https://t.me/gptconf_bot?start=start]"
927,2026-02-17,content_creation,22,"почему гуманитарии получают от AI больше, чем программисты?

MIT исследовали тысячи диалогов с AI. искали корреляцию между техническими навыками и качеством результата. нашли: почти ноль.

зато вылезло другое. лучше всех работают люди, которые умеют чувствовать рассинхрон понимания. замечать, что модель чего-то не поняла. догружать смысл, а не инструкции. менять рамку на лету, а не давить сильнее.

дима мацкевич показал на двух промптах.

boss mode: «напиши текст про Х, структура такая, тон такой» ai posture: «я сам пока не до конца понимаю, что хочу сказать. мне важно донести Х и не звучать Y. давай сначала поразгоняем, а потом соберем текст»

первый даёт гладкий текст. второй — глубокий. потому что модель начинает координироваться, а не выполнять. рамка взаимодействия определяет качество ответа, а не сложность инструкции.

ещё пример: «объясни Х просто» → лекция. «я путаюсь вот тут, кажется смешиваю А и Б, покажи где теряю логику» → координация. из-за этого модель думает вместе с тобой.

принцип: своё состояние, что понимаешь, что нет, где путаешься. 
на потоках мы ещё часто используем слово разгон, когда ты вместе с ai брейнштормишь сначала над своей задачей на верхнем уровне абстракции, а потом приземляешь на конкретные решения. 

→ история для тех, кто переживает, что ai не для него  [https://t.me/gptlovers/926]
→  [https://t.me/gptlovers/906]подробности про поток [https://t.me/gptlovers/910]

→ запись на vibe coding 23 марта [https://t.me/gptconf_bot?start=start]"
950,2026-03-13,business_process|automation_agents|content_creation|meta_skills,17,"у тебя 139 мб свободного места на диске (я освободил 1.2 Гб кешей) 

контекст: делали задачку с клауд кодом. 
задачка никак не была связана с тем, что сделал клауд код в процессе (почистил место) 

мелочь, а приятно! 
и пример очень круто показывает уровень агентности текущих моделей. 

агентность это когда он что-то делает, во что-то упирается, замечает это и не складывает лапки, а сам дальше разбирается и доводит до результата 

на потоке будем работать как раз с claude code и codex - топ 2 агента на текущий момент, которые дают почувствовать быстро потенциал моделей 

нас уже 200+ участников в потоке. через неделю стартуем!

→ сколько мы тратим на агентов и сколько надо для потока [https://t.me/gptlovers/948]
→  [https://t.me/gptlovers/906]подробности про поток [https://t.me/gptlovers/910]

→ запись на vibe coding 23 марта [https://t.me/gptconf_bot?start=start]"
990,2026-04-29,business_process|automation_agents,28,"Люба загрузила в Claude свои анализы, данные с whoop и фотки supplements. ии нашёл то, что пропустил терапевт - скрытый дефицит железа. и заодно объяснил, почему её vo2 max не двигается уже три месяца: организм просто плохо переносит кислород.

у неё впервые появился кто-то, кто прочитал все её данные сразу и нашёл закономерности. 

это рубрика истории участников: 

- Оля автоматизировала свой немецкий бюрократический отчёт - 4 часа в неделю руками. три айтишника на её фирме, которые получают вдвое больше, не смогли. она сделала за вечер

- Участник собрал на codex корпоративный мессенджер для команды за четыре дня. опыта в ai не было совсем

- Мария из Барселоны загрузила в Claude два года переписок с ии - и получила психологический анамнез из своих же слов. а потом разобрала испанско-каталанскую бюрократию по прописке и, кажется, впервые в жизни кайфанула от законодательства

- Василина построила себе second brain. раз в неделю скрипт сам прочёсывает её дневники и говорит: у тебя третий день глубокий сон проседает, может разберёшься уже? я бы сама пропустила, а он нет  

- Лия впервые в жизни что-то завайбкодила - исследовательское приложение для восстановления кораллов в океане (это супер история и мы скоро про неё расскажем) 

вайбкоиднг это не про кодинг. 
думаем, многих эта приставка может отпугивать. вайбкодинг, кодинг агенты и ии это в целом новый подход к тому, как мы выстраиваем свою операционную систему, процессы, решаем рабочие и личные задачи

бюрократия. здоровье. тревожность. отчёты, которые пожирали по четыре часа в неделю. данные, которые лежали мёртвой кучей. идея, до которой годами не доходили руки.

→ подробности про поток [https://t.me/gptlovers/977]
→ на что способен сейчас ai?  [https://t.me/gptlovers/971]

→ запись на vibe coding 25 мая [https://t.me/gptconf_bot?start=s_qn08fylqd03g]"
1001,2026-05-23,business_process|behavior_change|automation_agents|content_creation|meta_skills,13,"2 дня до старта потока по ai и vibe coding

собрали несколько опытов участников прошлого потока: предпринимателей, маркетологов, продактов, людей из закупок, здоровья, образования

у каждого своя работа, свои задачи, свой хаос, свои “давно надо было сделать, но руки не доходили”.

работаю area franchise manager в сети pizzeria — занимаюсь маркетингом, аналитикой и всем, что связано с ростом продаж нескольких ресторанов доставки.

с помощью ai сделал систему обработки отчетов из pos: автоматизировал csv-выгрузки, очистку данных, классификацию адресов и сбор сводных отчетов в google sheets.

о такой системе я мечтал ещё лет 9 назад, но тогда не хватило навыков программирования. ai помог это наконец реализовать

недавно навайбкодил свою первую прогу, которая помогает работать с текстом с точки зрения ограничения по символам. это довольно большая боль для лингвистов, но удалось решить ее за пару вечеров с claude.

в итоге ребята тратят как минимум на 60% меньше времени на проверку длины строк

я пришла на gconf скорее из любопытства — просто посмотреть кейсы, инструменты, понять, что вообще происходит в этой среде. честно говоря, думала, что это всё будет довольно сложно и “для очень технических людей”.

но за последние 3–4 дня произошло забавное превращение.

я поставила себе codex, разобралась с github и даже подружилась с railway.

и в процессе собрала несколько тестовых приложений: → telegram-бот, который рандомно генерирует тренировку для спортзала → веб-сервис для изучения китайских слов → планировщик fun-активностей на месяц вперёд с интеграцией в google calendar

собрала для мамы домашнего “доктора”, но не в стиле гугла, а скорее мини-оркестр из ролей.

там есть главный оркестратор, который читает её medical history, понимает, что за запрос, и дергает нужных специалистов — лаборанта, кардиолога и тд.

она кидает туда фотку анализа / файл / просто пишет вопрос → система собирает “консилиум” → возвращает ей понятный, человеческий отчёт

у кого тоже параллельно штук пять потоков и ощущение, что контекст между ними утекает в песок?

у меня работа, релокация, двое мелких, здоровье — и постоянно возвращаешься к теме и не помнишь, что уже решила неделю назад.

задолбалась и собрала себе штуку: markdown-база, куда складывается всё — цели, решения, паттерны, семья.

кайф в том, что обращаюсь к этому контексту откуда угодно: тг-бот, cowork, claude code, codex. неважно, где сижу — контекст один, и он уже знает, что у меня происходит

я сделала коуч-бота на основе диминого промта, но немножко его под себя сделала.

он у меня сидит в telegram, то есть мне теперь не нужен chat gpt или claude. я просто через telegram общаюсь с этим коучем. он точно так же помнит контекст, если не лучше.

после каждого разговора он делает короткий md-файл саммари автоматом

собрал mvp веб-приложения для сада, назвал “сад вовремя”.

собирал с codex + gpt + pencil через cursor.

обсуждаю с gpt что надо → довожу до ёмкого промта → отдаю в codex → он делает и отдаёт ревью результата → возвращаю в gpt → он анализирует и отдаёт промт на доделки → опять codex допиливает

и таких историй внутри потока всегда очень много.

стартуем 25 мая, 3 недели, $600

на потоке будем искать ваши личные кейсы и проходить путь от я не понимаю, с чего начать до первого опыта: я могу это собрать.

поток - гуманитарий-friendly 🫶

→ подробности про поток [https://t.me/gptlovers/977]

→ запись на vibe coding 25 мая [https://t.me/gptconf_bot?start=s_qn08fylqd03g]"
1003,2026-05-25,business_process|automation_agents|content_creation,18,"первый звонок потока случился ❤️‍🔥

всем спасибо, кто уже был сегодня, только подключается. достали несколько историй, которые звучали сегодня на звонке: 

я пришла сюда решать рабочие задачи - анализировать компании, переделывать стратегии. но вдруг поняла, что мой первый мини-проект будет горящий: младший ребёнок заканчивает школу, и я хочу с другими родителями сделать кино про них 

за этот год с помощью ии я очень сильно изменила свою жизнь: работала с ним как с коучем, внедрила в работу и стала работать в четыре раза быстрее. для меня ии - волшебная коробочка. агентов ещё не ввела - попробовала немножко, но сыкотно, боюсь масштаба. сейчас освободила время и хочу поэкспериментировать без конкретных задач.

уже посмотрел кучу видео, поставил себе разных агентов и ботов для помощи. у меня очень много счетов, которые нужно выставлять, считать, составлять сметы - вижу здесь возможность автоматизировать большинство процессов. пришёл по рекомендации товарища

вчера первый раз оплатил chatgpt, мне как ребёнку всё интересно. идей куча, но в первую очередь - бизнес: грузовые железнодорожные перевозки. постоянно привлекаю программистов, это долго и нудно, меня напрягает. жду не дождусь, когда сам научусь это делать - уже чувствую себя счастливым человеком.

сегодня мы проверяем все доступы, устанавливаем кодекс, добавляем расписание и начинаем играться с первым микро-квестом. залететь в последний вагон ещё можно. завтра в 16:00 мск первый QA для потока. 

по любым вопросам можно написать нам тут @gconfsupport

→ подробности про поток [https://t.me/gptlovers/977]
→ истории участников [https://t.me/gptlovers/1001]

→ запись на vibe coding 25 мая [https://t.me/gptconf_bot?start=s_qn08fylqd03g]"
1008,2026-06-15,business_process|behavior_change|automation_agents|content_creation,20,"«у меня не стоит вопрос, как себя мотивировать продолжать. не очень понятно, как теперь жить без этого»

«говорят, ии обленят, думать перестанут. а я наоборот, ещё больше в глубину иду, потому что мой мозг не занят операционкой»

«я мама последние пять лет, вокруг все что-то вайбкодят. за курс меня перевернуло. раньше базовые вещи отнимали столько времени, а сейчас по щелчку. мы не программисты, но мы можем усилить»

«меня всегда бесило, когда присылают голосовые - кажется, какая-то дичь. одно из заданий было голосом начать разговаривать с ии. оказалось прикольно. часто заговариваюсь за 10 минут»

«я поменяла сферу, ушла в найм - это стресс. долго искала работу, вышла и боялась обосраться. вайбкодинг помог мягко интегрироваться. отчёт за месяц делаю за 30 минут»

«в бизнес удалось добавить творческую часть с помощью агентов, а в творческую - структуру. взять идею и через три часа получить готовый продукт - это какой-то космос»

«я не могла просмотреть ни одно видео - такая фрустрация, казалось, что это какие-то киборги делают. начала со змейки, поняла - окей, я могу. оказалось, мне нужно было наоборот: убрать практическое и пойти делать что-то по приколу»

«занимаюсь family office. отправить кодекс покопаться в моих gmail, найти что надо и составить драфт - экономит невероятное количество времени. если делаешь под себя - внедряется так, что мотивировать себя уже не надо»

«дочь 16, в этом возрасте кажется, что родители мало что знают. она вчера ко мне забежала с такими глазами - мама, можешь ещё что-нибудь? мне 50, и я делаю что-то технически круче, чем дети»

«проникся кодексом, что можно папочки создавать. идея появляется - просто папочку, и она начинает обрастать и жить своей жизнью»

самый главный драйвер - это любопытство. найти его и заражать других - сформируется вокруг тебя круг устойчивого любопытства

последний звонок потока по вайбкодингу. спасибо всем, кто доверился. готовимся к следующему ❤️‍🔥

→ ии и дети [https://t.me/gptlovers/959] 
→ сколько мы тратим на агентов и сколько надо для потока [https://t.me/gptlovers/948]

→ запись на vibe coding 27 июля [https://t.me/gptconf_bot?start=start]"
1046,2026-07-08,daily_use|automation_agents,11,"до этого я активно пользовала джипити, а дальше был барьер 

на днях завершили наш первый эксперимент с викендом [https://t.me/gptlovers/1009]. формат, когда можно зайти на 2 дня и получить первый опыт с агентами. несколько кейсов от участников викенда: 

понравилась идея работать вместе, хотя сначала показалась странной, но в итоге дала возможность преодолеть барьер и начать что-то делать.

викенд очень интересный, давно хотела начать пользоваться ИИ агентом, и результат уже очень классный! Благодаря ему выловила слоты на билеты, которые не могла поймать вручную... 2 дня он работал, автоматически ловя слоты, и вот, билеты уже у меня в почте (и это на 8 человек!!!), короче буду и дальше пользоваться для таких ситуаций

еще я создала себе онлайн календарь, который полностью интегрирован с моим тг, через тг я записываю события и списки дел, он присылает мне дайджесты, напоминания, но также есть и онлайн календарь, который можно удобно посмотреть с компа

моя дочь (8 лет) вдохновилась и создала игру :)) конечно, там было ожидание/реальность, но она верит, что ей удастся улучшить игру и довести до совершенства...
в общем спасибо ребятам за вдохновение, и полезные навыки в копилку

будем ли мы ещё делать такой викенд - не знаем. а наш основной поток на 3 недели уже 27го числа и в него можно зайти уже сейчас. 

→  какой путь мы прошли от chat gpt до агентов за 3.5 года [https://t.me/gptlovers/1020]
→ openclaw / hermes: как собирают себе ai-операционку вокруг работы и жизни [https://t.me/gptlovers/1029]

→ подробности и записаться на vibe coding 27 июля [https://t.me/gptconf_bot?start=s_main_jul27_tg_pin_post]"
